,slide_id,case_id,magnification,level_downsamples
0,TCGA-02-0001-01Z-00-DX1.83fce43e-42ac-4dcd-b156-2908e75f2e47,TCGA-02-0001,20x,"(1.0, 4.000195831927101, 16.001683468346833)"
1,TCGA-02-0001-01Z-00-DX3.2836ce55-491f-4d86-99b1-668946927af8,TCGA-02-0001,20x,"(1.0, 4.000134806846313, 16.002391990593935)"
2,TCGA-02-0001-01Z-00-DX2.b521a862-280c-4251-ab54-5636f20605d0,TCGA-02-0001,20x,"(1.0, 4.00021751865665, 16.0016352404432)"
3,TCGA-02-0003-01Z-00-DX1.6171b175-0972-4e84-9997-2f1ce75f4407,TCGA-02-0003,20x,"(1.0, 4.000142337345606, 16.002457979225685)"
4,TCGA-02-0003-01Z-00-DX2.c7652d8d-d78f-49ae-8259-bb2bdb5d50fb,TCGA-02-0003,20x,"(1.0, 4.0003074795268425, 16.003657378640778)"
5,TCGA-02-0004-01Z-00-DX1.d8189fdc-c669-48d5-bc9e-8ddf104caff6,TCGA-02-0004,20x,"(1.0, 4.000218787068679, 16.003335811966664)"
6,TCGA-02-0006-01Z-00-DX1.a37df719-8b93-4245-ae49-67eb1114253a,TCGA-02-0006,20x,"(1.0, 4.000243448542688, 16.00303797729618)"
7,TCGA-02-0006-01Z-00-DX2.f55eb13f-5816-4490-b2aa-675b20676e5c,TCGA-02-0006,20x,"(1.0, 4.000219106414717, 16.00362140025269)"
8,TCGA-02-0007-01Z-00-DX1.a888f75e-6c41-44c3-8eb6-721f992873b8,TCGA-02-0007,20x,"(1.0, 4.0001790472599295, 8.000358094519859)"
9,TCGA-02-0009-01Z-00-DX1.5eceecd9-a9e2-421c-ab48-dbf24e95c64d,TCGA-02-0009,20x,"(1.0, 4.000246478474854, 16.000985913899417)"
10,TCGA-02-0009-01Z-00-DX2.f5c99ad0-30b1-4f1b-afb0-0a355068eacc,TCGA-02-0009,20x,"(1.0, 4.000234979054458, 16.00093991621783)"
11,TCGA-02-0010-01Z-00-DX3.33a67e8f-8bb6-498a-8c39-88b893c80b9e,TCGA-02-0010,20x,"(1.0, 4.000225006947593, 16.00335822555159)"
12,TCGA-02-0010-01Z-00-DX1.b53f8c4e-6e10-4684-b7fc-fd9e0b9d6c01,TCGA-02-0010,20x,"(1.0, 4.0002873231698945, 16.001149292679578)"
13,TCGA-02-0010-01Z-00-DX4.07de2e55-a8fe-40ee-9e98-bcb78050b9f7,TCGA-02-0010,20x,"(1.0, 4.000166471719693, 16.002329866888516)"
14,TCGA-02-0010-01Z-00-DX2.5334831b-8e1f-4b61-bbf6-0f6e950a1b2f,TCGA-02-0010,20x,"(1.0, 4.000123026492323, 16.00205892849371)"
15,TCGA-02-0014-01Z-00-DX1.b7fd5196-fc51-4dc7-aa6d-e74e1e9ee71d,TCGA-02-0014,20x,"(1.0, 4.0003673073169645, 16.00734975273648)"
16,TCGA-02-0015-01Z-00-DX1.73c07790-a054-4725-b123-4f09a2de961a,TCGA-02-0015,20x,"(1.0, 4.000189734495078, 16.0026100399335)"
17,TCGA-02-0021-01Z-00-DX1.1cf4eb25-9406-4638-b69c-e9e141930716,TCGA-02-0021,20x,"(1.0, 4.000124635411869, 16.002709784411277)"
18,TCGA-02-0021-01Z-00-DX2.9c97035f-399d-49ce-a545-4692b05bc6a9,TCGA-02-0021,20x,"(1.0, 4.000076923076923, 16.001412664683382)"
19,TCGA-02-0023-01Z-00-DX1.69f7c0c4-ff59-4100-94c3-86b7bf2c27c8,TCGA-02-0023,20x,"(1.0, 4.000222024866785, 16.00186945373603)"
20,TCGA-02-0024-01Z-00-DX1.d4cec60d-e2b6-41d1-92af-2d24f15b03a9,TCGA-02-0024,20x,"(1.0, 4.000304782715386, 16.00486696282441)"
21,TCGA-02-0025-01Z-00-DX1.bea1009d-61ab-48dc-a6ae-530761306d4c,TCGA-02-0025,20x,"(1.0, 4.000203269146198, 16.001643361205005)"
22,TCGA-02-0025-01Z-00-DX2.aa8923a0-2930-47f4-bbff-ceb080fafc9e,TCGA-02-0025,20x,"(1.0, 4.000236912070806, 16.001740728646734)"
23,TCGA-02-0026-01Z-00-DX1.d8f3085f-e418-47da-86bc-20db44ac6efd,TCGA-02-0026,20x,"(1.0, 4.000204964546285, 16.002708543745126)"
24,TCGA-02-0026-01Z-00-DX2.ff8b5c7e-b5ec-43e5-b078-54ab86737f6f,TCGA-02-0026,20x,"(1.0, 4.000139660221539, 16.003089285386828)"
25,TCGA-02-0033-01Z-00-DX1.3c22d6a0-8b25-4f00-a499-b610d0f3c9a0,TCGA-02-0033,20x,"(1.0, 4.0001149618468075, 16.00123266357548)"
26,TCGA-02-0034-01Z-00-DX1.aebc3ec5-2455-4aa1-b21a-ced8bdc6f3d8,TCGA-02-0034,20x,"(1.0, 4.000242470170024, 16.001778349378995)"
27,TCGA-02-0034-01Z-00-DX2.f86120e8-3574-4a1d-a42b-248e86e2674f,TCGA-02-0034,20x,"(1.0, 4.000133746103407, 16.00311569892473)"
28,TCGA-02-0037-01Z-00-DX1.4b9fe7a7-82a6-4188-b6a7-d74649506e27,TCGA-02-0037,20x,"(1.0, 4.000207731520815, 16.00083092608326)"
29,TCGA-02-0085-01Z-00-DX1.ac1b3db0-1647-4303-9a95-d67fab6bf700,TCGA-02-0085,20x,"(1.0, 4.000252474074144, 16.004409155084076)"
30,TCGA-02-0258-01Z-00-DX1.826e828e-c9d6-4154-8244-9601f8149699,TCGA-02-0258,20x,"(1.0, 4.000201175845139, 16.000804703380556)"
31,TCGA-02-0266-01Z-00-DX1.fe847b40-3972-4189-9ba8-cd37a4eda01d,TCGA-02-0266,20x,"(1.0, 4.0000800000000005, 16.001476737998843)"
32,TCGA-02-0269-01Z-00-DX1.451ff3bd-58e9-4d80-9cdd-1f7ad772f2e2,TCGA-02-0269,20x,"(1.0, 4.0001639601139605, 16.003391974464204)"
33,TCGA-02-0281-01Z-00-DX1.6db34ca2-a4f6-4efb-adfa-05bd51f9fda2,TCGA-02-0281,20x,"(1.0, 4.000224082616012, 16.001961931515474)"
34,TCGA-02-0285-01Z-00-DX1.33f31de6-46d7-427d-8f19-66326789f7dd,TCGA-02-0285,20x,"(1.0, 4.000130186476242, 16.00377112676056)"
35,TCGA-02-0289-01Z-00-DX1.1d9920df-d98f-4655-be62-14efec6d35bb,TCGA-02-0289,20x,"(1.0, 4.000226740897844, 16.003736067892504)"
36,TCGA-02-0317-01Z-00-DX1.e9d98c2a-d388-4c03-9e00-c23e7c2a6faf,TCGA-02-0317,20x,"(1.0, 4.000112158130284, 16.000448632521135)"
37,TCGA-02-0321-01Z-00-DX1.3c57c27d-4a4f-45af-bf8b-2bde421a42fa,TCGA-02-0321,20x,"(1.0, 4.000266240908285, 16.00106496363314)"
38,TCGA-02-0325-01Z-00-DX1.a1fc7539-5c33-494a-b3b3-41576a164c95,TCGA-02-0325,20x,"(1.0, 4.0002499421697895, 16.000999768679158)"
39,TCGA-02-0326-01Z-00-DX3.a25cf445-9fce-48cf-b5c1-dcd900a885d4,TCGA-02-0326,20x,"(1.0, 4.0002515619436085, 16.004270998497333)"
40,TCGA-02-0330-01Z-00-DX1.e93b88e9-01f4-4bab-bebd-3102752feb79,TCGA-02-0330,20x,"(1.0, 4.000219178844816, 16.001990378619155)"
41,TCGA-02-0332-01Z-00-DX1.4d7017ac-1ad9-4359-b641-273c1cb2cc14,TCGA-02-0332,20x,"(1.0, 4.000144325228355, 16.001606670097786)"
42,TCGA-02-0333-01Z-00-DX1.fe18103d-36ca-47bf-9ce7-b0e683f4decf,TCGA-02-0333,20x,"(1.0, 4.000083333333333, 16.002595776772246)"
43,TCGA-02-0337-01Z-00-DX1.c7d3d96c-789b-4844-8731-1279d44955ec,TCGA-02-0337,20x,"(1.0, 4.000195580756942, 16.002727020652152)"
44,TCGA-02-0338-01Z-00-DX1.34c13ac8-c8d3-481c-84cb-834c26649bdc,TCGA-02-0338,20x,"(1.0, 4.000316809106246, 16.004086495308037)"
45,TCGA-02-0339-01Z-00-DX1.4f2b8dc6-4142-4db9-bd3e-9fb527ab6402,TCGA-02-0339,20x,"(1.0, 4.000247237269773, 16.00387938342967)"
46,TCGA-02-0422-01Z-00-DX1.abe28c3e-4d0c-4479-92e4-f2a1ff2b498c,TCGA-02-0422,20x,"(1.0, 4.000231781110234, 16.001909533164934)"
47,TCGA-02-0430-01Z-00-DX1.aa4aaacb-1f80-48f3-84c0-39accafc45a7,TCGA-02-0430,20x,"(1.0, 4.000163233993863, 16.000652935975452)"
48,TCGA-02-0439-01Z-00-DX1.f2cf499e-1ccd-4765-ab57-a229031d92f3,TCGA-02-0439,20x,"(1.0, 4.000316761515205, 16.005538078291814)"
49,TCGA-02-0439-01Z-00-DX2.0d915642-436c-4502-9719-c9da3319c0fb,TCGA-02-0439,20x,"(1.0, 4.000177150886294, 16.000708603545178)"
50,TCGA-02-0440-01Z-00-DX1.4fef88c9-eff7-4e00-be19-d0db2871329a,TCGA-02-0440,20x,"(1.0, 4.000187261816855, 16.003398200033963)"
51,TCGA-02-0446-01Z-00-DX1.95c368f8-b014-4c87-b93d-d792d876a0e9,TCGA-02-0446,20x,"(1.0, 4.000263382357552, 16.00197357196621)"
52,TCGA-02-0451-01Z-00-DX2.02487460-bb28-4750-ac02-f0e92d843aa5,TCGA-02-0451,20x,"(1.0, 4.000189733347964, 16.00163694468832)"
53,TCGA-02-0451-01Z-00-DX1.30b733cc-4ea2-49bd-8e54-e0db37be2f24,TCGA-02-0451,20x,"(1.0, 4.00012651780364, 16.002777588491387)"
54,TCGA-06-0122-01Z-00-DX3.f14607a9-7121-42ed-9889-40d4261a6d07,TCGA-06-0122,20x,"(1.0, 4.00024055809478, 8.001443695861404)"
55,TCGA-06-0122-01Z-00-DX2.8ccb2e31-03b4-4b49-88af-8412b68a901c,TCGA-06-0122,20x,"(1.0, 4.0, 8.000732869182851)"
56,TCGA-06-0122-01Z-00-DX1.fb97a66e-2720-45e9-af2a-694505d1b808,TCGA-06-0122,20x,"(1.0, 4.000384931290475, 8.00076986258095)"
57,TCGA-06-0124-01Z-00-DX2.b3bd2a52-1a9a-409e-8908-6a2f30878080,TCGA-06-0124,20x,"(1.0, 4.0000613195977435, 16.002208047105007)"
58,TCGA-06-0124-01Z-00-DX4.d91f6ca6-dc38-46cc-9803-ec754acd65c4,TCGA-06-0124,20x,"(1.0, 4.000130310138129, 8.000260620276258)"
59,TCGA-06-0124-01Z-00-DX1.eef7074b-4055-4d64-bc21-1f93822d63d3,TCGA-06-0124,20x,"(1.0, 4.000159020426647, 16.004746636016105)"
60,TCGA-06-0124-01Z-00-DX3.30f5dfb8-2160-4abb-94fe-26a979e23638,TCGA-06-0124,20x,"(1.0, 4.000646696489541, 8.00214026743307)"
61,TCGA-06-0124-01Z-00-DX5.5fee1242-c113-4404-b504-23b607a3459f,TCGA-06-0124,20x,"(1.0, 4.0002454044783144, 8.001812804043658)"
62,TCGA-06-0124-01Z-00-DX6.6f47506a-94ca-4f3e-a824-dd6098cdc911,TCGA-06-0124,20x,"(1.0, 4.000236339309888, 16.004602020952852)"
63,TCGA-06-0125-01Z-00-DX1.8e0915b2-8dc3-4753-8062-05643835672b,TCGA-06-0125,20x,"(1.0, 4.000297040598024, 16.003743907221693)"
64,TCGA-06-0125-01Z-00-DX2.4f9cef92-2bdb-480d-8704-94289f8b70fb,TCGA-06-0125,20x,"(1.0, 4.000074197467436, 16.000296789869743)"
65,TCGA-06-0126-01Z-00-DX1.35fbd316-d2a0-421f-a822-07e52ca87d92,TCGA-06-0126,20x,"(1.0, 4.000531475299027, 8.003189711828725)"
66,TCGA-06-0126-01Z-00-DX2.9754eddf-27d1-44ae-8bf7-74fa7c6ae431,TCGA-06-0126,20x,"(1.0, 4.000380142898333, 8.002837611818244)"
67,TCGA-06-0127-01Z-00-DX3.2e311110-3d6f-4864-9cd4-d8e716cb4db6,TCGA-06-0127,20x,"(1.0, 4.000256608339539, 16.001026433358156)"
68,TCGA-06-0127-01Z-00-DX1.2f717825-f1b4-4ccf-8b38-35c1db04ae49,TCGA-06-0127,20x,"(1.0, 4.000131821776957, 16.002637130801688)"
69,TCGA-06-0127-01Z-00-DX2.f1ab580e-88c3-4fb3-ab6e-114b0a89c4f1,TCGA-06-0127,20x,"(1.0, 4.000123099143244, 16.003578915516826)"
70,TCGA-06-0128-01Z-00-DX3.37955b76-3fbf-41c5-ba53-4444b5f8443e,TCGA-06-0128,20x,"(1.0, 4.000439102135605, 16.003514746886125)"
71,TCGA-06-0128-01Z-00-DX1.daacb161-d72f-4f75-843b-596f0a7fbec7,TCGA-06-0128,20x,"(1.0, 4.000387482087136, 8.001470223348036)"
72,TCGA-06-0128-01Z-00-DX5.7186276e-c7fc-4003-ae02-f2358ea8dcba,TCGA-06-0128,20x,"(1.0, 4.0005351112641465, 16.00470845690762)"
73,TCGA-06-0128-01Z-00-DX2.69815e48-000e-42cc-9ae0-f442100242a5,TCGA-06-0128,20x,"(1.0, 4.000063179176143, 16.00227502527806)"
74,TCGA-06-0128-01Z-00-DX4.91ce4e5d-c790-4175-a1c7-be965ae1df40,TCGA-06-0128,20x,"(1.0, 4.000130310138129, 16.002606882168926)"
75,TCGA-06-0129-01Z-00-DX1.b7bddf7d-f39e-45e7-a78d-319d3a4d2dae,TCGA-06-0129,20x,"(1.0, 4.000257837934627, 16.004158285565396)"
76,TCGA-06-0129-01Z-00-DX2.1ea78b46-1dc7-44d8-81bf-7717072d2f15,TCGA-06-0129,20x,"(1.0, 4.0002904443799014)"
77,TCGA-06-0129-01Z-00-DX3.bae772ea-dd36-47ec-8185-761989be3cc8,TCGA-06-0129,20x,"(1.0, 4.000366121552355, 8.001708984375)"
78,TCGA-06-0130-01Z-00-DX1.0391b65f-4e1d-4444-abb0-e5804606d461,TCGA-06-0130,20x,"(1.0, 4.000544365813827)"
79,TCGA-06-0130-01Z-00-DX2.174bf8b2-127b-437e-b8dc-90c9f1007617,TCGA-06-0130,20x,"(1.0, 4.000106689427078, 16.001280409731116)"
80,TCGA-06-0133-01Z-00-DX1.47944c2e-fe0e-4d29-a7a5-2efc01d8dd94,TCGA-06-0133,20x,"(1.0, 4.0002569216708785, 16.0059341567328)"
81,TCGA-06-0133-01Z-00-DX2.fbda343a-e928-44d6-85a0-2080ced06dd9,TCGA-06-0133,20x,"(1.0, 4.00032387214026, 16.00129548856104)"
82,TCGA-06-0137-01Z-00-DX5.0f06ca27-54e2-490a-8afb-a19600e60619,TCGA-06-0137,20x,"(1.0, 4.000226403258896, 16.003386169019073)"
83,TCGA-06-0137-01Z-00-DX4.140591f4-dc4d-493d-9a70-bed1335dd1c1,TCGA-06-0137,20x,"(1.0, 4.00005, 16.001151927653495)"
84,TCGA-06-0137-01Z-00-DX7.c0c25c01-8602-47a5-8d52-cb323c3432d2,TCGA-06-0137,20x,"(1.0, 4.000083333333333, 16.000333333333334)"
85,TCGA-06-0137-01Z-00-DX2.10a13f6d-b5f1-4fcb-9bf6-718dfbef3251,TCGA-06-0137,20x,"(1.0, 4.000439110070257, 8.000878220140514)"
86,TCGA-06-0137-01Z-00-DX8.a5703515-8d5f-4bfd-8f5a-a66581641e3b,TCGA-06-0137,20x,"(1.0, 4.0002826493880494, 16.002282795698925)"
87,TCGA-06-0137-01Z-00-DX6.20d3049a-547a-49db-bf2c-59d8762441ea,TCGA-06-0137,20x,"(1.0, 4.000261488203266, 16.002014094869313)"
88,TCGA-06-0137-01Z-00-DX3.84d2c007-be53-431d-b5d6-1bb62d28cafb,TCGA-06-0137,20x,"(1.0, 4.000077603600808, 16.004037267080747)"
89,TCGA-06-0138-01Z-00-DX3.2767efef-7d5f-40ff-9b36-5329d0fa6829,TCGA-06-0138,20x,"(1.0, 4.0000799616184235, 16.001599488163787)"
90,TCGA-06-0138-01Z-00-DX4.8aec0797-c88f-4345-ab9b-dfba99dd91e6,TCGA-06-0138,20x,"(1.0, 4.000133868808568, 16.002678093197645)"
91,TCGA-06-0138-01Z-00-DX1.212817bd-0fa0-4503-ae5b-4eaee8ee95e5,TCGA-06-0138,20x,"(1.0, 4.00022749503286, 16.00090998013144)"
92,TCGA-06-0138-01Z-00-DX2.7235a461-6b3f-489c-9bff-cb0ccba874ea,TCGA-06-0138,20x,"(1.0, 4.000066666666667, 16.001472939284277)"
93,TCGA-06-0139-01Z-00-DX2.75346f8f-b81b-4667-8f71-fd2209686888,TCGA-06-0139,20x,"(1.0, 4.000209533052949, 16.00273667860379)"
94,TCGA-06-0139-01Z-00-DX1.480e4717-5290-43a4-8534-62b7761ebe61,TCGA-06-0139,20x,"(1.0, 4.000279444208924, 16.0046496555067)"
95,TCGA-06-0141-01Z-00-DX4.3efe78fa-f1ee-42ae-83f8-c3fe79b997f3,TCGA-06-0141,20x,"(1.0, 4.000111394710412, 16.00320964966911)"
96,TCGA-06-0141-01Z-00-DX2.9c16caf2-d538-4233-9480-1188d85c229d,TCGA-06-0141,20x,"(1.0, 4.0002429274233275, 16.003014697537168)"
97,TCGA-06-0141-01Z-00-DX3.0b0aaacd-38b1-46f4-b8bf-bf38c35e6188,TCGA-06-0141,20x,"(1.0, 4.00022321162618, 16.0017946359782)"
98,TCGA-06-0141-01Z-00-DX5.b2dbdb69-a038-4b9e-a094-252d78287aad,TCGA-06-0141,20x,"(1.0, 4.0, 16.0)"
99,TCGA-06-0141-01Z-00-DX1.ec301079-2d58-4079-b2ab-d8fdbca2fbf7,TCGA-06-0141,20x,"(1.0, 4.000148927720414, 16.001574663402458)"
100,TCGA-06-0143-01Z-00-DX2.6c4cb4fb-440c-4099-b7db-ff863614c9b8,TCGA-06-0143,20x,"(1.0, 4.0003052642287695, 16.005218891109628)"
101,TCGA-06-0143-01Z-00-DX1.d8a36977-d169-4059-9cd6-3f65f1bc821a,TCGA-06-0143,20x,"(1.0, 4.0, 8.0)"
102,TCGA-06-0143-01Z-00-DX3.e9011249-11f6-454b-98f1-7f2bcfea228c,TCGA-06-0143,20x,"(1.0, 4.000273124544792, 8.000546249089584)"
103,TCGA-06-0145-01Z-00-DX2.9713b8c7-4664-40e9-82a1-da0a82d544c2,TCGA-06-0145,20x,"(1.0, 4.0, 8.000758150113722)"
104,TCGA-06-0145-01Z-00-DX4.52da9a91-d1df-4e6b-8a80-9f2a2749cdeb,TCGA-06-0145,20x,"(1.0, 4.000112362452208, 16.003020212712336)"
105,TCGA-06-0145-01Z-00-DX5.1d9fc2de-a6f4-4484-9bb2-81b92a6674b1,TCGA-06-0145,20x,"(1.0, 4.000202391962334, 16.000809567849338)"
106,TCGA-06-0145-01Z-00-DX1.808a018c-cbbf-4723-b843-4bbf574cc40c,TCGA-06-0145,20x,"(1.0, 4.000133173525104, 16.001598295151837)"
107,TCGA-06-0145-01Z-00-DX3.319351f0-313a-4c99-b12f-a67b52c6785c,TCGA-06-0145,20x,"(1.0, 4.000083333333333, 8.000166666666667)"
108,TCGA-06-0147-01Z-00-DX1.5a8942f3-ec7b-4698-8fd1-5feb7ee81849,TCGA-06-0147,20x,"(1.0, 4.000221590320811, 16.003537522038435)"
109,TCGA-06-0147-01Z-00-DX2.57e3c7a3-b271-4ab3-b6a0-aac29f5d52a6,TCGA-06-0147,20x,"(1.0, 4.000188477492463, 16.00226195915307)"
110,TCGA-06-0148-01Z-00-DX4.646db76b-0dae-417c-8f52-3feaa14518e3,TCGA-06-0148,20x,"(1.0, 4.000251664987754, 16.003643080919996)"
111,TCGA-06-0148-01Z-00-DX3.4552941d-88e8-499f-ab40-92b86e9b6459,TCGA-06-0148,20x,"(1.0, 4.000106668107641, 16.00129137370014)"
112,TCGA-06-0148-01Z-00-DX2.ec9f87b1-adef-4671-a056-19d38dd214f7,TCGA-06-0148,20x,"(1.0, 4.0, 8.0)"
113,TCGA-06-0148-01Z-00-DX5.a79e0d64-0318-4976-8b53-6d08b621b31b,TCGA-06-0148,20x,"(1.0, 4.000133065003714, 16.00232925565001)"
114,TCGA-06-0148-01Z-00-DX1.3b19c82d-c52d-4514-8bf6-5b0f629c18de,TCGA-06-0148,20x,"(1.0, 4.000076923076923, 16.000307692307693)"
115,TCGA-06-0152-01Z-00-DX9.8620b410-9d16-418e-88e1-b75c020da50a,TCGA-06-0152,20x,"(1.0, 4.000117799505242, 16.001413760603207)"
116,TCGA-06-0152-01Z-00-DX5.d43177f3-75c0-4049-8af7-76c2c12e6411,TCGA-06-0152,20x,"(1.0, 4.0000463306152705, 16.000185322461082)"
117,TCGA-06-0152-01Z-00-DX8.8bb9f170-315e-4fce-ab06-6c87f1babaa0,TCGA-06-0152,20x,"(1.0, 4.000286230526215, 16.003922114464743)"
118,TCGA-06-0152-01Z-00-DX7.9e6068c4-3cd2-4fe2-ae00-62ce530b8a5b,TCGA-06-0152,20x,"(1.0, 4.0001501952538305, 16.00410856045169)"
119,TCGA-06-0152-01Z-00-DX1.1fc06545-499a-45dc-8815-e987ba3b3630,TCGA-06-0152,20x,"(1.0, 4.000095748755266, 8.001192999763912)"
120,TCGA-06-0152-01Z-00-DX3.4f78720a-e5ca-4ac4-bdaa-e3ec325ac6bd,TCGA-06-0152,20x,"(1.0, 4.000097981579463, 16.002850091336555)"
121,TCGA-06-0152-01Z-00-DX2.3abd50dc-888e-4cc4-b92a-65767de46038,TCGA-06-0152,20x,"(1.0, 4.000303800467071)"
122,TCGA-06-0152-01Z-00-DX6.b20146eb-b6a1-4f9f-842f-8761fc489965,TCGA-06-0152,20x,"(1.0, 4.000044365572316, 16.00388664668389)"
123,TCGA-06-0152-01Z-00-DX4.5403448f-0430-4324-a801-37e597d9a8ff,TCGA-06-0152,20x,"(1.0, 4.0, 16.0043248260041)"
124,TCGA-06-0154-01Z-00-DX1.e52d5443-e663-451f-8a1f-83ec5bb9a401,TCGA-06-0154,20x,"(1.0, 4.000214443321712, 16.002820542000883)"
125,TCGA-06-0154-01Z-00-DX2.5d908d2e-08ba-4ae0-bb0e-34472a5ed4b3,TCGA-06-0154,20x,"(1.0, 4.000110732551892, 16.003131618130766)"
126,TCGA-06-0154-01Z-00-DX3.3a5e8636-58fa-4fbf-b15d-a674d7195ffd,TCGA-06-0154,20x,"(1.0, 4.000336814838153, 16.005149992298797)"
127,TCGA-06-0154-01Z-00-DX4.6fda0714-6fd5-4955-ba9d-38681d19d4b6,TCGA-06-0154,20x,"(1.0, 4.000306140567217, 8.001458036471348)"
128,TCGA-06-0156-01Z-00-DX3.9ccee303-ec3c-4d99-bb94-294efe89bcef,TCGA-06-0156,20x,"(1.0, 4.000178759388811, 16.00273734612873)"
129,TCGA-06-0156-01Z-00-DX2.e1846804-6f1d-4941-866d-dc54278dbba0,TCGA-06-0156,20x,"(1.0, 4.000199565759708, 16.002419049617473)"
130,TCGA-06-0156-01Z-00-DX4.38ef8900-41f7-4e9a-a687-03739b5e29f5,TCGA-06-0156,20x,"(1.0, 4.000923629048427)"
131,TCGA-06-0156-01Z-00-DX1.1303eb2c-6cf6-4173-804c-d52a111263b5,TCGA-06-0156,20x,"(1.0, 4.000123129543752, 16.006405255351943)"
132,TCGA-06-0157-01Z-00-DX2.8ff48e0c-0470-4055-af66-a1a40e587d50,TCGA-06-0157,20x,"(1.0, 4.000521376433785)"
133,TCGA-06-0157-01Z-00-DX4.3b8c3eff-e379-4f37-b6f1-fbd21fb379f5,TCGA-06-0157,20x,"(1.0, 4.000483685955504)"
134,TCGA-06-0157-01Z-00-DX1.0bb9c6aa-3a9c-4d2b-9ce6-9a1cf54882a4,TCGA-06-0157,20x,"(1.0, 4.000569667947522)"
135,TCGA-06-0157-01Z-00-DX5.4cf3a0ca-78d6-4884-83f0-de4f07080fe6,TCGA-06-0157,20x,"(1.0, 4.000472589792061)"
136,TCGA-06-0157-01Z-00-DX3.92209e36-62ba-4296-a166-4d147696bb68,TCGA-06-0157,20x,"(1.0, 4.000434027777778)"
137,TCGA-06-0158-01Z-00-DX1.05358ff8-3c26-440a-9d51-bafa92cf4685,TCGA-06-0158,20x,"(1.0, 4.0001546551190845)"
138,TCGA-06-0166-01Z-00-DX5.a5de0008-83a4-4bff-8efe-fa70dcc9a6a3,TCGA-06-0166,20x,"(1.0, 4.0002091732356995, 16.003697183201986)"
139,TCGA-06-0166-01Z-00-DX3.a8310185-2d75-4b48-9760-1de4e2d7e9bb,TCGA-06-0166,20x,"(1.0, 4.000208507089241, 8.000417014178481)"
140,TCGA-06-0166-01Z-00-DX7.901d41a8-1657-4c8a-85f6-14de6a02b526,TCGA-06-0166,20x,"(1.0, 4.0, 8.0)"
141,TCGA-06-0166-01Z-00-DX2.bdf93b56-8162-4ddf-a7ef-42dd461daa4f,TCGA-06-0166,20x,"(1.0, 4.000255449591281, 8.000510899182562)"
142,TCGA-06-0166-01Z-00-DX1.f0c10e84-1591-4ac1-9d14-0eb468f155f1,TCGA-06-0166,20x,"(1.0, 4.0002064583638, 16.00286882129906)"
143,TCGA-06-0166-01Z-00-DX6.c9cc3892-da84-44e8-b5d1-895f831fbcdb,TCGA-06-0166,20x,"(1.0, 4.000303504055661, 16.005256347700893)"
144,TCGA-06-0166-01Z-00-DX4.7466fd4b-fdce-4fc3-aafc-0c4ce6c84a54,TCGA-06-0166,20x,"(1.0, 4.000314489782403, 16.003411028855794)"
145,TCGA-06-0168-01Z-00-DX2.ff5ffc86-6220-432b-bb9f-0c15bfa1a157,TCGA-06-0168,20x,"(1.0, 4.000214384809534, 16.00318509403173)"
146,TCGA-06-0168-01Z-00-DX3.6a390bd7-bbe8-4cdf-a562-2ef52d781186,TCGA-06-0168,20x,"(1.0, 4.000168122347329, 16.001402183369347)"
147,TCGA-06-0168-01Z-00-DX1.de032f58-1712-4029-a607-87c858c6c965,TCGA-06-0168,20x,"(1.0, 4.000141522785168)"
148,TCGA-06-0169-01Z-00-DX1.a471a09b-1488-4d1e-9945-6c487bfb081f,TCGA-06-0169,20x,"(1.0, 4.000070462232244, 16.000281848928974)"
149,TCGA-06-0171-01Z-00-DX1.70065449-b7e1-4057-9aef-5cd94d57e6ad,TCGA-06-0171,20x,"(1.0, 4.0001603849238165, 16.008070757197544)"
150,TCGA-06-0171-01Z-00-DX4.e27958fb-cc72-4d23-ba97-1bbf52e061e0,TCGA-06-0171,20x,"(1.0, 4.0001851046586765, 16.003702892690626)"
151,TCGA-06-0171-01Z-00-DX5.223799ea-caac-4314-8e9d-5cb466756a64,TCGA-06-0171,20x,"(1.0, 4.000154305112643, 16.00274015590788)"
152,TCGA-06-0171-01Z-00-DX3.3006472c-0009-40eb-bb93-7896f62e1ed2,TCGA-06-0171,20x,"(1.0, 4.000226463984283, 16.00299149755354)"
153,TCGA-06-0171-01Z-00-DX2.36b8a018-8845-4600-954b-dc12ce772ad6,TCGA-06-0171,20x,"(1.0, 4.0001534526854226, 16.003883665556796)"
154,TCGA-06-0173-01Z-00-DX1.b7d1b579-797f-4364-bd7d-29522b4fb6aa,TCGA-06-0173,20x,"(1.0, 4.000513874614594)"
155,TCGA-06-0173-01Z-00-DX2.0de78487-bbad-4394-872c-a6613f610ec8,TCGA-06-0173,20x,"(1.0, 4.000155462184875, 8.00031092436975)"
156,TCGA-06-0173-01Z-00-DX3.e89f5451-2b89-437b-a202-e821bf675eea,TCGA-06-0173,20x,"(1.0, 4.000195002981317, 16.00396155885472)"
157,TCGA-06-0174-01Z-00-DX2.de726441-7e3c-47ce-bd09-b890e2d85c5a,TCGA-06-0174,20x,"(1.0, 4.0, 8.0)"
158,TCGA-06-0174-01Z-00-DX4.9fdc2626-c1dc-4b4f-9452-6adb2f6397fb,TCGA-06-0174,20x,"(1.0, 4.000047619047619, 16.002033794162827)"
159,TCGA-06-0174-01Z-00-DX3.23b6e12e-dfc1-4c6f-903e-170038a0e055,TCGA-06-0174,20x,"(1.0, 4.0003489736070375, 8.001730604965504)"
160,TCGA-06-0174-01Z-00-DX1.85e41742-7e59-49d8-aaae-20feccaa2f68,TCGA-06-0174,20x,"(1.0, 4.000207555002076)"
161,TCGA-06-0176-01Z-00-DX2.25e77a0c-317f-40e1-bd80-401f4df22d20,TCGA-06-0176,20x,"(1.0, 4.000223981335928, 16.002693021862832)"
162,TCGA-06-0176-01Z-00-DX3.43d33689-7bea-4a18-b6dd-cf0c2df4a584,TCGA-06-0176,20x,"(1.0, 4.000144696969697, 16.000578787878787)"
163,TCGA-06-0176-01Z-00-DX4.98c6f166-0c65-47c5-9d26-c4e524b25577,TCGA-06-0176,20x,"(1.0, 4.000211623721523, 16.00084649488609)"
164,TCGA-06-0176-01Z-00-DX1.bc0aabdd-adc2-4aae-830a-2c30cad01027,TCGA-06-0176,20x,"(1.0, 4.0, 8.000936768149883)"
165,TCGA-06-0178-01Z-00-DX8.b2b00151-d54b-4807-8cbf-69a74629604f,TCGA-06-0178,20x,"(1.0, 4.000149041866168, 16.00152642706131)"
166,TCGA-06-0178-01Z-00-DX6.eba88ad1-41fa-4e77-b4d7-afd5299cbe44,TCGA-06-0178,20x,"(1.0, 4.00008695652174, 16.002339857959466)"
167,TCGA-06-0178-01Z-00-DX2.e49e7c16-8370-42ae-977b-f4bd62ad49b6,TCGA-06-0178,20x,"(1.0, 4.000198262821451, 16.00337050921587, 32.01062092320204)"
168,TCGA-06-0178-01Z-00-DX7.7b7bc1d8-99b2-4895-b9b7-a425443b9a28,TCGA-06-0178,20x,"(1.0, 4.000247278512813, 16.00286545162155)"
169,TCGA-06-0178-01Z-00-DX3.5af7f552-ac16-45a0-a894-8fb99e46ad87,TCGA-06-0178,20x,"(1.0, 4.0000526315789475, 16.00117021921406)"
170,TCGA-06-0178-01Z-00-DX4.16c7b728-c6ba-496f-8dc8-4f5bb4a38e56,TCGA-06-0178,20x,"(1.0, 4.00008695652174, 16.00290973898192)"
171,TCGA-06-0178-01Z-00-DX5.7ab03a67-87f7-4e71-82fa-250518378f49,TCGA-06-0178,20x,"(1.0, 4.0000625, 16.001900846058604)"
172,TCGA-06-0178-01Z-00-DX1.6102d1a4-610b-4c5e-abc8-17dce6b84911,TCGA-06-0178,20x,"(1.0, 4.000106695770496, 16.003149183303087)"
173,TCGA-06-0184-01Z-00-DX3.05b0e8e2-9a0a-460f-a7f7-f87a425ad1f1,TCGA-06-0184,20x,"(1.0, 4.000254933147771, 16.00189469498131)"
174,TCGA-06-0184-01Z-00-DX2.b2242e9f-fac3-4e80-a82c-413e32332b68,TCGA-06-0184,20x,"(1.0, 4.000240963668759, 16.002823616922363)"
175,TCGA-06-0184-01Z-00-DX4.9beaedc5-cc34-4ebc-a0e5-318ef0fd2765,TCGA-06-0184,20x,"(1.0, 4.000114455308177, 16.001400356058227)"
176,TCGA-06-0184-01Z-00-DX1.aa1c8dbf-ae23-4f98-8b44-86bcbb24e839,TCGA-06-0184,20x,"(1.0, 4.0000800000000005, 16.003106809103578)"
177,TCGA-06-0185-01Z-00-DX1.63a424a7-724c-45f4-9eee-c7fc1eda49a6,TCGA-06-0185,20x,"(1.0, 4.0001121553884715, 16.000448621553886)"
178,TCGA-06-0187-01Z-00-DX3.e8345881-5d2e-4880-b1db-d28ebd302664,TCGA-06-0187,20x,"(1.0, 4.0, 8.0)"
179,TCGA-06-0187-01Z-00-DX1.cdb244df-72af-4ffa-b063-a4ab81f89617,TCGA-06-0187,20x,"(1.0, 4.0003485130111525, 8.000697026022305)"
180,TCGA-06-0187-01Z-00-DX4.defa1a76-b328-474e-8bdb-2382cc05ada4,TCGA-06-0187,20x,"(1.0, 4.000269322122465, 16.0022176612188)"
181,TCGA-06-0187-01Z-00-DX2.87f7b94d-c9d3-4ed3-9bb3-2e37d810e2ea,TCGA-06-0187,20x,"(1.0, 4.000409948073244)"
182,TCGA-06-0188-01Z-00-DX4.c3e0e229-4c7c-4e4b-b2fa-9e9a835d6cf3,TCGA-06-0188,20x,"(1.0, 4.000127507530603, 16.000510030122413)"
183,TCGA-06-0188-01Z-00-DX6.d85af94e-adbb-4489-b98f-57d2431e28f6,TCGA-06-0188,20x,"(1.0, 4.0001761829652995, 16.0017143866734)"
184,TCGA-06-0188-01Z-00-DX7.f175e12e-b350-41a7-8dfa-3095909a7e04,TCGA-06-0188,20x,"(1.0, 4.000071428571429, 16.002766078072405)"
185,TCGA-06-0188-01Z-00-DX3.4e48d0b9-9941-4b05-9f11-dfe5e3c855a9,TCGA-06-0188,20x,"(1.0, 4.000047619047619, 16.000190476190475)"
186,TCGA-06-0188-01Z-00-DX5.133f13cc-4387-4abc-b47d-05b5870cfe2e,TCGA-06-0188,20x,"(1.0, 4.0000625, 16.001598617666893)"
187,TCGA-06-0188-01Z-00-DX1.0f407c83-b086-4b9b-815f-a300c8ab8f22,TCGA-06-0188,20x,"(1.0, 4.000076923076923, 16.001962636453328)"
188,TCGA-06-0188-01Z-00-DX2.a6885b32-1397-4158-824e-1b7faa11f954,TCGA-06-0188,20x,"(1.0, 4.000151026921857, 16.001566137566137)"
189,TCGA-06-0189-01Z-00-DX3.8e42ed95-d001-430a-a24f-65e7838ff95a,TCGA-06-0189,20x,"(1.0, 4.000249515413823, 8.000499030827646)"
190,TCGA-06-0189-01Z-00-DX1.1d688f71-dfa3-482e-98f8-d667201b50ed,TCGA-06-0189,20x,"(1.0, 4.0000625, 16.00025)"
191,TCGA-06-0189-01Z-00-DX2.675bdae0-98f7-4aa2-ae7e-7ae96a0202b7,TCGA-06-0189,20x,"(1.0, 4.000227333116086, 16.002554196084724, 32.008231066909076)"
192,TCGA-06-0189-01Z-00-DX4.bc4d88a2-dd59-41b4-9218-e3cb458bb5f4,TCGA-06-0189,20x,"(1.0, 4.000175913976339, 16.001525728549517, 32.01275409322486)"
193,TCGA-06-0190-01Z-00-DX1.84da294a-81f2-4820-b72e-f084769f771a,TCGA-06-0190,20x,"(1.0, 4.000209101614935, 16.004593744850542)"
194,TCGA-06-0192-01Z-00-DX2.3cf7443b-1e5a-4d18-bb93-8000efe53777,TCGA-06-0192,20x,"(1.0, 4.000248628792835, 16.00099451517134, 32.00198903034268)"
195,TCGA-06-0192-01Z-00-DX1.2b015dd0-c962-4c36-a472-8ead6806374a,TCGA-06-0192,20x,"(1.0, 4.000066666666667, 16.00111197520428)"
196,TCGA-06-0195-01Z-00-DX2.5327662a-89b0-4297-ac6e-7af80f06cb3a,TCGA-06-0195,20x,"(1.0, 4.000074351599388, 16.00386718304178)"
197,TCGA-06-0195-01Z-00-DX3.6a796dec-5f1f-404e-b100-70e7abe3c45a,TCGA-06-0195,20x,"(1.0, 4.000025672622716, 16.000967742393975)"
198,TCGA-06-0195-01Z-00-DX1.c22cac2c-b46b-4731-ac79-cdc0d24b2461,TCGA-06-0195,20x,"(1.0, 4.000195399952426, 16.003908894021535)"
199,TCGA-06-0195-01Z-00-DX4.9118166e-d483-455f-ba81-2a0cdfdc6ad7,TCGA-06-0195,20x,"(1.0, 4.000080583097743, 16.00142732384159)"
200,TCGA-06-0195-01Z-00-DX5.f0adc4a5-671d-4b0f-9ae1-de3869c199b3,TCGA-06-0195,20x,"(1.0, 4.000266991191314, 16.004697399513155)"
201,TCGA-06-0197-01Z-00-DX1.8b3d8c3f-2320-4ab4-a9aa-e3b8a68d267f,TCGA-06-0197,20x,"(1.0, 4.000117799505242, 16.00354671474469)"
202,TCGA-06-0197-01Z-00-DX3.ad53065b-33ac-4dd9-bd1a-98ef2c8fa057,TCGA-06-0197,20x,"(1.0, 4.000281622145408, 16.00461696654671)"
203,TCGA-06-0197-01Z-00-DX2.3e580bbd-caea-4d70-aa95-974618f337ce,TCGA-06-0197,20x,"(1.0, 4.000071520526391, 16.00372066399542)"
204,TCGA-06-0201-01Z-00-DX2.0371aa1e-fb00-4aea-abe8-ceb12a9db04f,TCGA-06-0201,20x,"(1.0, 4.000200267022697, 16.005453757458476)"
205,TCGA-06-0201-01Z-00-DX1.c3a5e3a4-7614-4446-b1a3-59c585063744,TCGA-06-0201,20x,"(1.0, 4.000175389922196, 16.003487493322098)"
206,TCGA-06-0206-01Z-00-DX4.c55f15a4-5091-4a92-841d-1339f497ea47,TCGA-06-0206,20x,"(1.0, 4.000202305728036, 16.00571539985244)"
207,TCGA-06-0206-01Z-00-DX3.00cfa9c4-d943-4821-983a-a65218de29ef,TCGA-06-0206,20x,"(1.0, 4.000132469192865, 16.004770158593594)"
208,TCGA-06-0206-01Z-00-DX2.df39f5d7-9d4b-489d-8f86-1a9ae9793ab7,TCGA-06-0206,20x,"(1.0, 4.001206757843926)"
209,TCGA-06-0206-01Z-00-DX1.5ede33b2-4778-4e33-bb83-17f81bb35aca,TCGA-06-0206,20x,"(1.0, 4.000429553264604)"
210,TCGA-06-0208-01Z-00-DX1.cea28355-3b64-48e6-b5f7-9a0d2b319150,TCGA-06-0208,20x,"(1.0, 4.000287023736277, 8.000574047472554)"
211,TCGA-06-0208-01Z-00-DX2.7578ffcb-f02a-41dd-8456-71f333407a6d,TCGA-06-0208,20x,"(1.0, 4.000054077438893, 16.003340451772985)"
212,TCGA-06-0208-01Z-00-DX4.b377f84e-cc15-428c-8027-df259709bf38,TCGA-06-0208,20x,"(1.0, 4.0000810372459155, 16.002917824105012)"
213,TCGA-06-0208-01Z-00-DX6.f811b11c-b042-42cb-ba9f-81747fb15fde,TCGA-06-0208,20x,"(1.0, 4.000090561249492, 16.0018113900467)"
214,TCGA-06-0208-01Z-00-DX5.40d283d7-194d-454a-88de-8c1373696f73,TCGA-06-0208,20x,"(1.0, 4.000232909163309, 16.002388367188516)"
215,TCGA-06-0208-01Z-00-DX3.99d68d3a-5884-4eb8-bdee-8ed1bc08bc61,TCGA-06-0208,20x,"(1.0, 4.000095297897912, 16.001048762258808)"
216,TCGA-06-0209-01Z-00-DX5.1f44756d-7ad7-401c-bf8b-ecc88704d92d,TCGA-06-0209,20x,"(1.0, 4.000062578222778, 16.002561560965074)"
217,TCGA-06-0209-01Z-00-DX6.4c470a76-e452-42a8-a4bf-3c0bdf9c46ff,TCGA-06-0209,20x,"(1.0, 4.000224098042324, 16.002353122704577)"
218,TCGA-06-0209-01Z-00-DX7.466111c9-2c18-477b-a699-540983a3c36c,TCGA-06-0209,20x,"(1.0, 4.000183112072635, 16.003353701569708)"
219,TCGA-06-0209-01Z-00-DX2.696bfc96-020e-41c4-9a3a-e34e170d0e50,TCGA-06-0209,20x,"(1.0, 4.000071520526391, 16.006306313639893)"
220,TCGA-06-0209-01Z-00-DX1.d6963fa7-3427-4088-8dc3-cfc489ac0ddf,TCGA-06-0209,20x,"(1.0, 4.000328587075575, 8.002535244584667)"
221,TCGA-06-0209-01Z-00-DX8.4a540299-b778-43e4-b80b-f70d5f222378,TCGA-06-0209,20x,"(1.0, 4.0002229813565195, 16.004814417421713)"
222,TCGA-06-0209-01Z-00-DX4.697ea567-9fed-423c-a332-0d61b81ce9e2,TCGA-06-0209,20x,"(1.0, 4.000232684822914, 16.004748842865023)"
223,TCGA-06-0209-01Z-00-DX3.61264925-3a41-4400-8724-96261018ecfb,TCGA-06-0209,20x,"(1.0, 4.000202847982875, 16.005838539364266)"
224,TCGA-06-0210-01Z-00-DX5.ac28952b-2394-4477-a9eb-276b0d6e9d67,TCGA-06-0210,20x,"(1.0, 4.000225603731321, 16.00680327805214)"
225,TCGA-06-0210-01Z-00-DX3.4974dd3d-13bb-4200-ab3d-3dfd1dcffbb9,TCGA-06-0210,20x,"(1.0, 4.000110877037366, 16.003105590062113)"
226,TCGA-06-0210-01Z-00-DX2.1e456f3b-bebb-4606-9072-393abf077ef0,TCGA-06-0210,20x,"(1.0, 4.000215820670691, 16.006607500023133)"
227,TCGA-06-0210-01Z-00-DX4.58a33622-8ece-4934-b8bd-9aa64485ab4c,TCGA-06-0210,20x,"(1.0, 4.00016688918558, 8.00033377837116)"
228,TCGA-06-0210-01Z-00-DX1.14cee57f-1239-4e5a-8bab-f70fa36dd367,TCGA-06-0210,20x,"(1.0, 4.000432375911244, 8.000864751822489)"
229,TCGA-06-0211-01Z-00-DX1.9c0772e4-c956-4f0a-bfc2-dc03640167a9,TCGA-06-0211,20x,"(1.0, 4.000347082940017, 8.000694165880034)"
230,TCGA-06-0211-01Z-00-DX2.dea01d17-0a8c-4e58-a82a-9b2de99258af,TCGA-06-0211,20x,"(1.0, 4.000062578222778, 16.003445275183335)"
231,TCGA-06-0213-01Z-00-DX2.5968b29e-a689-4d8a-80b0-e0ffff8bcec6,TCGA-06-0213,20x,"(1.0, 4.00024513809446, 16.006811744468713)"
232,TCGA-06-0213-01Z-00-DX4.2e849308-80d0-4cd1-92c2-8649c790095c,TCGA-06-0213,20x,"(1.0, 4.000624134686913)"
233,TCGA-06-0213-01Z-00-DX3.337437a8-ffca-4ca2-9b94-902ce032d5f4,TCGA-06-0213,20x,"(1.0, 4.000226519489678, 8.001222898952163)"
234,TCGA-06-0213-01Z-00-DX5.09126b9a-a487-4a3e-ad6c-935a2786ce47,TCGA-06-0213,20x,"(1.0, 4.000155066322122, 16.008067207505093)"
235,TCGA-06-0213-01Z-00-DX1.16219fe9-0be9-46b2-9190-02b981c4bc39,TCGA-06-0213,20x,"(1.0, 4.000065513626835, 16.003714298465912)"
236,TCGA-06-0214-01Z-00-DX3.a2d6733a-d151-434f-bd63-ed3977dfd3af,TCGA-06-0214,20x,"(1.0, 4.0000744601638125, 16.00231348771068)"
237,TCGA-06-0214-01Z-00-DX1.96cbe709-d077-4613-bfcd-2fdb0485cdb6,TCGA-06-0214,20x,"(1.0, 4.000154257507199, 16.001747931923056)"
238,TCGA-06-0214-01Z-00-DX2.b30c4c85-604f-42ea-b2f8-e583566fcefe,TCGA-06-0214,20x,"(1.0, 4.000188444420875, 16.00273452265511)"
239,TCGA-06-0216-01Z-00-DX2.f0041db3-39da-48a8-860e-b25876ff537e,TCGA-06-0216,20x,"(1.0, 4.000129439446486, 16.00466102739895)"
240,TCGA-06-0216-01Z-00-DX5.b9a89800-36b0-47ec-b510-75a74f2e433c,TCGA-06-0216,20x,"(1.0, 4.0001480751547485, 16.000592300618994)"
241,TCGA-06-0216-01Z-00-DX3.78c3b2fb-8e64-4f1a-a5af-765c92286b90,TCGA-06-0216,20x,"(1.0, 4.000205803292285, 16.002524752490856)"
242,TCGA-06-0216-01Z-00-DX4.3c6ee8ee-81df-4714-b04d-3088c11b0aa2,TCGA-06-0216,20x,"(1.0, 4.000186160241563, 16.00521395847602)"
243,TCGA-06-0216-01Z-00-DX1.dfa5d225-9ccb-44af-83f2-9af3f2e825db,TCGA-06-0216,20x,"(1.0, 4.000126694539466, 16.001520527116067)"
244,TCGA-06-0219-01Z-00-DX2.530ad4a9-eed1-4127-8dd3-b0a7a6cb2b7d,TCGA-06-0219,20x,"(1.0, 4.000175243274295, 16.00293311115623)"
245,TCGA-06-0219-01Z-00-DX1.592a9605-e9ec-46f5-a055-5001088f47d0,TCGA-06-0219,20x,"(1.0, 4.000232684164893, 16.00606015697933)"
246,TCGA-06-0221-01Z-00-DX4.70dc7a1a-7a7e-4f4d-953b-5e01efdaab1e,TCGA-06-0221,20x,"(1.0, 4.000314658296233, 16.007579359419324)"
247,TCGA-06-0221-01Z-00-DX3.588e9caf-660f-4f6a-be47-84e92f5a3e77,TCGA-06-0221,20x,"(1.0, 4.000452766981766, 16.00533908468693)"
248,TCGA-06-0221-01Z-00-DX2.a6568186-9532-43de-b575-be4c245b136f,TCGA-06-0221,20x,"(1.0, 4.000201775625504, 8.000403551251008)"
249,TCGA-06-0221-01Z-00-DX6.fb20aa5d-8011-481c-a7b6-44d0575f9e2e,TCGA-06-0221,20x,"(1.0, 4.00035390834015, 16.008364906625452)"
250,TCGA-06-0221-01Z-00-DX5.af8d73e4-58f1-4fb7-80dd-3d1e3a769874,TCGA-06-0221,20x,"(1.0, 4.000418827911426, 8.00236685307904)"
251,TCGA-06-0221-01Z-00-DX1.bc444e2a-9530-453a-b494-ec31ee5db9c1,TCGA-06-0221,20x,"(1.0, 4.000200561572402, 16.005919418784536)"
252,TCGA-06-0237-01Z-00-DX2.684d94ed-c551-4460-96de-5cdfa0c36622,TCGA-06-0237,20x,"(1.0, 4.00023154735438, 16.004485172004745)"
253,TCGA-06-0237-01Z-00-DX1.0705028b-46e9-41b0-8083-c347fb746b96,TCGA-06-0237,20x,"(1.0, 4.0, 8.000716845878136)"
254,TCGA-06-0238-01Z-00-DX1.3ee95605-124e-4849-a36b-eee7e19ce3de,TCGA-06-0238,20x,"(1.0, 4.000406173842404, 8.00189599133261)"
255,TCGA-06-0241-01Z-00-DX1.69ba208e-6941-454a-93ef-70268a646e62,TCGA-06-0241,20x,"(1.0, 4.000090909090909, 16.003054219323275)"
256,TCGA-06-0644-01Z-00-DX1.bbce7e5c-6df3-4963-ac75-9f566a2fde12,TCGA-06-0644,20x,"(1.0, 4.000127681307457, 8.000255362614913)"
257,TCGA-06-0645-01Z-00-DX1.ffca480d-519c-4628-844c-946b5d000d01,TCGA-06-0645,20x,"(1.0, 4.000090909090909, 8.001181818181818)"
258,TCGA-06-0646-01Z-00-DX2.81b40946-c2b9-4850-9f96-da44593561a5,TCGA-06-0646,20x,"(1.0, 4.000076923076923, 16.00120294745541)"
259,TCGA-06-0646-01Z-00-DX3.4e029189-ecef-4e12-be1a-c67fbdf8e22b,TCGA-06-0646,20x,"(1.0, 4.000116099746076, 16.001289843302757)"
260,TCGA-06-0646-01Z-00-DX1.459f1e60-f299-4fea-bc00-9aa068e67f76,TCGA-06-0646,20x,"(1.0, 4.000132553183201, 16.002177701589563, 32.00781575107027)"
261,TCGA-06-0648-01Z-00-DX1.9e5a6a97-8bef-41a5-9c7b-675b254f4aad,TCGA-06-0648,20x,"(1.0, 4.000178062678063, 16.002637178527458)"
262,TCGA-06-0648-01Z-00-DX2.f9ec13f9-adc9-4e6b-bc78-01a00e415ffe,TCGA-06-0648,20x,"(1.0, 4.000134264232009, 16.002461984743242)"
263,TCGA-06-0649-01Z-00-DX1.6319b11e-055a-4ef9-98d7-02dac5f649fe,TCGA-06-0649,20x,"(1.0, 4.00008695652174, 16.00430039525692)"
264,TCGA-06-0649-01Z-00-DX2.d9e0f4c7-cfea-4724-9109-a9642c530def,TCGA-06-0649,20x,"(1.0, 4.000156298843389, 16.003126954346467)"
265,TCGA-06-0686-01Z-00-DX2.a8bb8d8a-c768-4ef4-81ec-1172b8110c2f,TCGA-06-0686,20x,"(1.0, 4.0, 16.0)"
266,TCGA-06-0686-01Z-00-DX1.fc0b2e05-94e0-4540-b519-6fc0c81e8d6f,TCGA-06-0686,20x,"(1.0, 4.0002259023354565, 16.000903609341826)"
267,TCGA-06-0743-01Z-00-DX1.efc295e1-bb7b-4706-99e9-01901c3869d2,TCGA-06-0743,20x,"(1.0, 4.0, 16.0)"
268,TCGA-06-0744-01Z-00-DX1.948cea15-dbea-483c-becb-78166086ec0a,TCGA-06-0744,20x,"(1.0, 4.0001424501691485, 16.001394564198687, 32.01327054383421)"
269,TCGA-06-0745-01Z-00-DX1.3e0f266b-f1b5-42cb-8633-8cea6ee0ba6e,TCGA-06-0745,20x,"(1.0, 4.000226387249114, 16.000905548996457)"
270,TCGA-06-0747-01Z-00-DX2.3c60f8bf-1e53-406a-89b8-e447d6280ab2,TCGA-06-0747,20x,"(1.0, 4.000083333333333, 16.002805521219614, 32.01220829898324)"
271,TCGA-06-0747-01Z-00-DX5.d846c7c0-b0dc-41e7-b872-d8cdaf849ed3,TCGA-06-0747,20x,"(1.0, 4.000181085710088, 16.00341628378274)"
272,TCGA-06-0747-01Z-00-DX3.34c9713f-ce7a-4add-8142-cd56e4e9a7b2,TCGA-06-0747,20x,"(1.0, 4.000172523104852, 16.00157042253521)"
273,TCGA-06-0747-01Z-00-DX1.d00990ff-e213-4c7b-9643-6eb4b47d4613,TCGA-06-0747,20x,"(1.0, 4.000153624856157, 16.00456203007519)"
274,TCGA-06-0747-01Z-00-DX4.b69d6545-b545-486e-83bc-863330ee2083,TCGA-06-0747,20x,"(1.0, 4.000127825320094, 16.002602326189233)"
275,TCGA-06-0749-01Z-00-DX3.a2a7c65c-9629-4575-9a2a-b3c0c771a1fa,TCGA-06-0749,20x,"(1.0, 4.0002845948956365, 16.004627131782946)"
276,TCGA-06-0749-01Z-00-DX2.a57f0ede-6378-4e2a-b219-2fd6a36a4f65,TCGA-06-0749,20x,"(1.0, 4.0000591086416835, 16.003074739829707)"
277,TCGA-06-0749-01Z-00-DX1.5831460f-c2ad-46cf-8dd4-d99dbfd0760c,TCGA-06-0749,20x,"(1.0, 4.000225545770158, 16.001791541338633)"
278,TCGA-06-0749-01Z-00-DX4.d44dbb9e-345f-46b0-a023-a1258d384b6f,TCGA-06-0749,20x,"(1.0, 4.000224237940914, 16.002024426907177)"
279,TCGA-06-0750-01Z-00-DX2.a8d7b719-b24c-4403-b977-cd38f1e39709,TCGA-06-0750,20x,"(1.0, 4.0, 16.00208550573514)"
280,TCGA-06-0750-01Z-00-DX3.a8f15076-293c-4f54-b047-a32eaeccca11,TCGA-06-0750,20x,"(1.0, 4.00005, 16.001205530417295)"
281,TCGA-06-0750-01Z-00-DX4.50267490-2584-49d8-81c5-07c89090145b,TCGA-06-0750,20x,"(1.0, 4.000071428571429, 8.000142857142858)"
282,TCGA-06-0750-01Z-00-DX1.c20cc0a5-0514-4b58-a83e-e89b54d7fd59,TCGA-06-0750,20x,"(1.0, 4.000156344501578, 16.002285215112472)"
283,TCGA-06-0875-01Z-00-DX1.c04e2f8e-868d-455b-88b0-af5ee89bf319,TCGA-06-0875,20x,"(1.0, 4.000076923076923, 16.002592101216884)"
284,TCGA-06-0875-01Z-00-DX2.4495f7d7-07a3-413f-902c-825360989993,TCGA-06-0875,20x,"(1.0, 4.000207929026892, 16.003050471436495)"
285,TCGA-06-0876-01Z-00-DX2.62c8149d-ef50-40f9-b322-59fc242e63b4,TCGA-06-0876,20x,"(1.0, 4.000395722259247, 16.00425)"
286,TCGA-06-0876-01Z-00-DX1.4268ceff-f46b-4d72-8606-45e79d935325,TCGA-06-0876,20x,"(1.0, 4.000311878035912, 16.00401412244304)"
287,TCGA-06-0877-01Z-00-DX2.b5af1c90-e841-49a9-906e-73fd6cba57be,TCGA-06-0877,20x,"(1.0, 4.0, 16.001908396946565)"
288,TCGA-06-0877-01Z-00-DX1.b936af27-4f87-44ba-8bb7-8f3f5b994961,TCGA-06-0877,20x,"(1.0, 4.00014393698358, 16.001424306707293)"
289,TCGA-06-0878-01Z-00-DX1.75aa3e89-edcb-48c5-b778-7aae2085779f,TCGA-06-0878,20x,"(1.0, 4.0001694767221085, 16.002501164792868)"
290,TCGA-06-0878-01Z-00-DX2.6eb16ff4-4b68-47af-82a5-a04789308d2c,TCGA-06-0878,20x,"(1.0, 4.000208073241781, 16.001942286348502)"
291,TCGA-06-0879-01Z-00-DX2.a4d93673-f846-4518-90b8-f6f5070e8187,TCGA-06-0879,20x,"(1.0, 4.000070382882883, 16.00028153153153)"
292,TCGA-06-0879-01Z-00-DX1.644fc888-2c42-49dc-a461-072edd097f79,TCGA-06-0879,20x,"(1.0, 4.000166158169133, 16.001932109990634)"
293,TCGA-06-0881-01Z-00-DX2.791dd92e-eaa1-474e-a63f-6df4b4f872b7,TCGA-06-0881,20x,"(1.0, 4.00013770311209, 16.002754820936637)"
294,TCGA-06-0881-01Z-00-DX1.0051da3c-d88a-483d-ae4c-90fe378bf0c3,TCGA-06-0881,20x,"(1.0, 4.000161616817394, 16.00184125499974)"
295,TCGA-06-0882-01Z-00-DX1.90e658c5-a34f-435e-972f-938ea89d0a6b,TCGA-06-0882,20x,"(1.0, 4.000208161113454, 16.000832644453816)"
296,TCGA-06-0882-01Z-00-DX2.7ad706e3-002e-4e29-88a9-18953ba422bf,TCGA-06-0882,20x,"(1.0, 4.000143443550544, 16.004032111980237)"
297,TCGA-06-1084-01Z-00-DX2.f36f31e3-2d41-410c-a5b4-91f1f7508eec,TCGA-06-1084,20x,"(1.0, 4.000284656988329, 8.001708428246014)"
298,TCGA-06-1084-01Z-00-DX1.35d581fd-93f6-46ee-9dc7-b25f15e83080,TCGA-06-1084,20x,"(1.0, 4.000178860117824, 16.002688921778216)"
299,TCGA-06-1086-01Z-00-DX1.d8749609-d55c-4b29-b489-34f93c6c8e27,TCGA-06-1086,20x,"(1.0, 4.000135786918706, 16.00157304693247)"
300,TCGA-06-1087-01Z-00-DX2.1f91f05a-f277-4c98-9955-37e0c83b745f,TCGA-06-1087,20x,"(1.0, 4.000536288880944)"
301,TCGA-06-1087-01Z-00-DX1.2498ed55-5e6d-4e65-9a5d-f9be74c5f250,TCGA-06-1087,20x,"(1.0, 4.000171512558572, 8.000343025117145)"
302,TCGA-06-1800-01Z-00-DX1.0d4be66a-1d7d-499c-9a87-e1849f76c1b7,TCGA-06-1800,20x,"(1.0, 4.000283909605577, 16.00113563842231)"
303,TCGA-06-1800-01Z-00-DX2.0ae4e1b5-3390-4caa-8929-7e9d359f14d0,TCGA-06-1800,20x,"(1.0, 4.000372948781701, 8.000745897563402)"
304,TCGA-06-1801-01Z-00-DX1.94958ef7-74a5-415e-bd4c-a4e52e1f6551,TCGA-06-1801,20x,"(1.0, 4.000277154019139, 16.00229078014184)"
305,TCGA-06-1801-01Z-00-DX2.4244a136-5673-4082-a00a-e0ba19959c1d,TCGA-06-1801,20x,"(1.0, 4.000332963374029, 8.001554174067495)"
306,TCGA-06-1802-01Z-00-DX2.6bc3dbca-8385-482e-a33b-9b67f9938bb6,TCGA-06-1802,20x,"(1.0, 4.0000526315789475, 16.00021052631579)"
307,TCGA-06-1802-01Z-00-DX1.61b4d1f0-cb68-4da1-bf78-daafd5bf445f,TCGA-06-1802,20x,"(1.0, 4.000365697506499, 16.001462790025997)"
308,TCGA-06-1805-01Z-00-DX2.f917dda2-ae7d-403f-be46-b753059f8aaa,TCGA-06-1805,20x,"(1.0, 4.000281659825808, 16.004492108004165)"
309,TCGA-06-1805-01Z-00-DX1.d67221af-2dac-40fe-bc4a-e30aa3a5fbb9,TCGA-06-1805,20x,"(1.0, 4.000183605470369, 16.00405134328358)"
310,TCGA-08-0352-01Z-00-DX2.d1d43af6-fc93-4d1d-a432-8c5e9ee9b04f,TCGA-08-0352,20x,"(1.0, 4.000154260638361, 16.003347534423916)"
311,TCGA-08-0352-01Z-00-DX1.a5e552a6-6dcf-40c7-9e02-ce9e3f31059d,TCGA-08-0352,20x,"(1.0, 4.000288657012414, 16.002304177179703, 32.007731029099034)"
312,TCGA-08-0358-01Z-00-DX1.8510133b-16c5-4d60-813d-054b2cb3ad24,TCGA-08-0358,20x,"(1.0, 4.000173691027378, 16.00224342595074)"
313,TCGA-08-0517-01Z-00-DX1.eee6199e-5387-4198-b45d-0f0e16f7caf6,TCGA-08-0517,20x,"(1.0, 4.0001841554342406, 16.003443134222564)"
314,TCGA-08-0518-01Z-00-DX4.add6ab3d-5a80-46b0-8059-93ead260ab10,TCGA-08-0518,20x,"(1.0, 4.000066666666667, 16.001969518944232)"
315,TCGA-08-0518-01Z-00-DX2.cf1340b8-b75a-4da5-a36f-f9d60c99884b,TCGA-08-0518,20x,"(1.0, 4.0001591941471935, 16.002384359982525)"
316,TCGA-08-0518-01Z-00-DX3.d15a0575-e285-448e-8323-d14c05128393,TCGA-08-0518,20x,"(1.0, 4.0001539923138445, 16.003894769711163)"
317,TCGA-08-0518-01Z-00-DX8.01f2c18c-09a8-4837-8619-62f1c9b82669,TCGA-08-0518,20x,"(1.0, 4.000136689431935, 16.003108738969544)"
318,TCGA-08-0518-01Z-00-DX5.c63510f2-8ea3-451d-9dea-13f6cd66aaa3,TCGA-08-0518,20x,"(1.0, 4.0001392557022815, 16.000557022809126)"
319,TCGA-08-0518-01Z-00-DX1.165174cf-2a73-4e46-a3f8-8bce1f2c0885,TCGA-08-0518,20x,"(1.0, 4.000258212071217, 16.004224655819776)"
320,TCGA-08-0518-01Z-00-DX6.8271300c-82d6-4398-a318-e61f29ada268,TCGA-08-0518,20x,"(1.0, 4.000136513507764, 16.002248226950357)"
321,TCGA-08-0518-01Z-00-DX7.37016e3a-813a-4319-a8fa-7dea055ccc68,TCGA-08-0518,20x,"(1.0, 4.00020392898241, 16.00081571592964)"
322,TCGA-08-0520-01Z-00-DX1.2d50b1bc-c1d8-41a4-b42f-19d9916a5ef6,TCGA-08-0520,20x,"(1.0, 4.000245058517555, 16.003061602497397)"
323,TCGA-08-0521-01Z-00-DX1.ea283930-0c6b-45b4-8331-86e5982a0401,TCGA-08-0521,20x,"(1.0, 4.000055555555555, 16.003598699431002)"
324,TCGA-08-0522-01Z-00-DX1.821f6127-4e41-4f66-b8b5-28ddfb6b77ec,TCGA-08-0522,20x,"(1.0, 4.0000625, 8.00091865079365)"
325,TCGA-08-0522-01Z-00-DX2.7424a4a5-0daa-4922-a52f-91321dd76cc9,TCGA-08-0522,20x,"(1.0, 4.0000857142857145, 16.001955760368666)"
326,TCGA-08-0524-01Z-00-DX1.698f8ef2-a530-4259-8fcd-cd1291824e7f,TCGA-08-0524,20x,"(1.0, 4.000212989800247, 16.001907437780787)"
327,TCGA-08-0524-01Z-00-DX2.a4754138-9432-4216-852e-a04da6114939,TCGA-08-0524,20x,"(1.0, 4.000135282009057, 16.003836133992312)"
328,TCGA-08-0524-01Z-00-DX3.313a243e-9d7a-4359-ad59-34f7cd6700db,TCGA-08-0524,20x,"(1.0, 4.0001916689371235, 16.002462399321747)"
329,TCGA-08-0525-01Z-00-DX4.bb5894c0-c460-4cf0-899b-420f27864cde,TCGA-08-0525,20x,"(1.0, 4.000199054419456, 16.00351746031746)"
330,TCGA-08-0525-01Z-00-DX1.254e63b9-3979-41d6-af5d-fb7bf1a9606f,TCGA-08-0525,20x,"(1.0, 4.00028450743887, 16.00113802975548)"
331,TCGA-08-0525-01Z-00-DX2.0e07f2f3-7712-4301-b0aa-ec850790b699,TCGA-08-0525,20x,"(1.0, 4.000175727542885, 16.00149346305868)"
332,TCGA-08-0525-01Z-00-DX3.eab97530-6470-4a8d-a345-f0062b6bf2cd,TCGA-08-0525,20x,"(1.0, 4.000160232603596, 16.000640930414384)"
333,TCGA-08-0529-01Z-00-DX1.c0aefbea-1aa2-4091-b320-dbdab0964b6d,TCGA-08-0529,20x,"(1.0, 4.000323939099449)"
334,TCGA-12-0615-01Z-00-DX1.950874ee-45e9-4921-a75c-0bb8278a3445,TCGA-12-0615,20x,"(1.0, 4.0000588062334606, 16.00142256218018)"
335,TCGA-12-0615-01Z-00-DX2.02099a56-eb5f-4b37-899a-dde55ff7f939,TCGA-12-0615,20x,"(1.0, 4.000217376662754, 16.00386385932219)"
336,TCGA-12-0615-01Z-00-DX3.57f0d9cc-9570-4c75-9c7b-d6e346b9e6bf,TCGA-12-0615,20x,"(1.0, 4.000071408169095, 16.001001708580425)"
337,TCGA-12-0616-01Z-00-DX1.b8f3138f-e73b-49bc-8354-a89e56232f56,TCGA-12-0616,20x,"(1.0, 4.000047915668423, 16.003357009195824)"
338,TCGA-12-0616-01Z-00-DX2.b1c06527-b3db-4a76-ac29-6e4a71566cc6,TCGA-12-0616,20x,"(1.0, 4.000181602143456, 16.002447671525644)"
339,TCGA-12-0616-01Z-00-DX5.829be590-41ed-4498-b33e-9e4de11654ce,TCGA-12-0616,20x,"(1.0, 4.000207120317893, 16.004143335302224)"
340,TCGA-12-0616-01Z-00-DX4.bcc9933d-865c-4c8d-a96d-607940b8ebaf,TCGA-12-0616,20x,"(1.0, 4.00009763127856, 16.004315592832633)"
341,TCGA-12-0616-01Z-00-DX6.2f9366a7-27d3-4538-922e-e271e435244f,TCGA-12-0616,20x,"(1.0, 4.000071408169095, 16.00375766819183)"
342,TCGA-12-0616-01Z-00-DX3.b426f381-b175-4a6d-957e-2dbfed42caeb,TCGA-12-0616,20x,"(1.0, 4.000095210892126, 16.00418354190368)"
343,TCGA-12-0618-01Z-00-DX3.a718df65-8c92-4262-be57-d9c7ac77d362,TCGA-12-0618,20x,"(1.0, 4.0002134381242165, 16.003268421543027)"
344,TCGA-12-0618-01Z-00-DX2.2addb6c6-fe61-44da-ab9a-59628b06d747,TCGA-12-0618,20x,"(1.0, 4.000106292158781, 16.001824289806116)"
345,TCGA-12-0618-01Z-00-DX4.e0734d40-7ef7-4064-b43d-c748989c6840,TCGA-12-0618,20x,"(1.0, 4.000029448141822, 16.0023274355069)"
346,TCGA-12-0618-01Z-00-DX1.e174afd8-0708-4e92-8c4b-9578062e56ea,TCGA-12-0618,20x,"(1.0, 4.000062578222778, 16.0023474817132)"
347,TCGA-12-0619-01Z-00-DX2.e305c038-1dd0-422f-87dd-8edaeace224d,TCGA-12-0619,20x,"(1.0, 4.000089581653677, 16.00339765197539)"
348,TCGA-12-0619-01Z-00-DX3.bfb91928-1b12-46dc-a734-dd87ae164c13,TCGA-12-0619,20x,"(1.0, 4.000196285185771, 16.002717686399937)"
349,TCGA-12-0620-01Z-00-DX3.e12d459d-2ffe-464f-b7e9-6a5ea6c87ac3,TCGA-12-0620,20x,"(1.0, 4.000049985004498, 16.0026)"
350,TCGA-12-0620-01Z-00-DX2.2dde35f3-5eae-41b9-807a-9689a86dbb0d,TCGA-12-0620,20x,"(1.0, 4.0, 16.004027253875776)"
351,TCGA-12-0620-01Z-00-DX1.5d4cc50f-9b78-4b8b-8e8e-1c20ae415d71,TCGA-12-0620,20x,"(1.0, 4.000578143055158, 16.00848319778072)"
352,TCGA-12-0654-01Z-00-DX2.c0abfb99-9ebc-48eb-bf55-306e39f96419,TCGA-12-0654,20x,"(1.0, 4.000243902439024, 16.00350192554557)"
353,TCGA-12-0654-01Z-00-DX1.829d6551-ae54-45a5-8618-8c1d1803f3aa,TCGA-12-0654,20x,"(1.0, 4.000344748333717, 16.009426039800516)"
354,TCGA-12-0654-01Z-00-DX3.841822e9-d92f-457b-ab28-fd23efaa58e9,TCGA-12-0654,20x,"(1.0, 4.000138962322115, 16.00136007144874)"
355,TCGA-12-0654-01Z-00-DX4.c8271027-426b-4ef3-87ca-ba6f03552db1,TCGA-12-0654,20x,"(1.0, 4.000048938044436, 16.00149485256741)"
356,TCGA-12-0656-01Z-00-DX4.e774fe6a-6d77-438f-b9e7-0a51f24223b9,TCGA-12-0656,20x,"(1.0, 4.000106679146125, 16.000911462243174)"
357,TCGA-12-0656-01Z-00-DX3.cc07a0fe-d9bc-42c6-913f-876efe3a0b94,TCGA-12-0656,20x,"(1.0, 4.000103625164977, 16.000884992028112)"
358,TCGA-12-0656-01Z-00-DX1.08311e56-c469-459d-8dcc-22dc26be4372,TCGA-12-0656,20x,"(1.0, 4.000195056548748, 16.00341719689188)"
359,TCGA-12-0656-01Z-00-DX2.d2a15599-38d8-4d44-b57b-b075df383f4b,TCGA-12-0656,20x,"(1.0, 4.000218366179713, 16.003883662118028)"
360,TCGA-12-0657-01Z-00-DX3.b5c2375e-e59b-40ee-b1e0-0f3fc4e17585,TCGA-12-0657,20x,"(1.0, 4.0, 16.001581523785617)"
361,TCGA-12-0657-01Z-00-DX1.99d5aeab-5b40-4832-a245-eaf9632d3a8c,TCGA-12-0657,20x,"(1.0, 4.000136079107321, 16.003255514198027)"
362,TCGA-12-0657-01Z-00-DX2.426da533-c768-43b8-b38e-92469082ff27,TCGA-12-0657,20x,"(1.0, 4.0, 16.001581523785617)"
363,TCGA-12-0657-01Z-00-DX4.cd3a505a-c9ba-4f45-9ea0-4cc4b7d07eb3,TCGA-12-0657,20x,"(1.0, 4.000150065152379, 16.00108500626819)"
364,TCGA-12-0662-01Z-00-DX3.83f35f0b-3c38-4e97-a3b1-6685da39364c,TCGA-12-0662,20x,"(1.0, 4.000175739330153, 16.001880508827295)"
365,TCGA-12-0662-01Z-00-DX2.642f1935-5bbf-4980-9fe5-1244531a07e1,TCGA-12-0662,20x,"(1.0, 4.000136103801832, 16.002135095330345)"
366,TCGA-12-0662-01Z-00-DX4.29f739c2-f70f-4ad5-ae7f-9f94c14adca2,TCGA-12-0662,20x,"(1.0, 4.000214368566143, 16.00413441473038)"
367,TCGA-12-0662-01Z-00-DX1.aa5dca3e-983c-452c-b7fc-96b5a0b8a389,TCGA-12-0662,20x,"(1.0, 4.0001304806297515, 16.003129566288585)"
368,TCGA-12-0670-01Z-00-DX1.749B1907-3792-4774-A3EC-94A837F737EA,TCGA-12-0670,20x,"(1.0, 4.000444765115374, 8.00230542951025)"
369,TCGA-12-0670-01Z-00-DX2.9B4706D7-1C81-4FD9-8E82-0223149306B6,TCGA-12-0670,20x,"(1.0, 4.000049985004498, 16.003283293474546)"
370,TCGA-12-0670-01Z-00-DX4.CABEB480-65ED-4981-9057-8B2E398634D9,TCGA-12-0670,20x,"(1.0, 4.0001167433895315, 16.000466973558126)"
371,TCGA-12-0670-01Z-00-DX3.0A69A5A3-8060-4DBE-89F9-A81AAB162725,TCGA-12-0670,20x,"(1.0, 4.0, 16.002584248198815)"
372,TCGA-12-0688-01Z-00-DX1.391a7503-30a8-44eb-b7f7-d369638b7514,TCGA-12-0688,20x,"(1.0, 4.000164963345988, 16.004528995826263)"
373,TCGA-12-0688-01Z-00-DX5.3651b74a-a95c-42fc-bb35-aa577ceb082b,TCGA-12-0688,20x,"(1.0, 4.000038449707782, 16.00015379883113)"
374,TCGA-12-0688-01Z-00-DX2.4112332a-035a-4680-aead-90930786a726,TCGA-12-0688,20x,"(1.0, 4.000371566867322, 16.001956758837494)"
375,TCGA-12-0688-01Z-00-DX3.66a4ef84-ac16-49da-82da-a1b8958957f2,TCGA-12-0688,20x,"(1.0, 4.000126871286122, 16.00317067484238)"
376,TCGA-12-0688-01Z-00-DX4.0876e8d9-b06c-4caa-ae5a-eb197a901e1a,TCGA-12-0688,20x,"(1.0, 4.0001626193674, 16.002545370126747)"
377,TCGA-12-0691-01Z-00-DX6.07ecaf57-a9f0-4f28-aab4-3ee85e1008f0,TCGA-12-0691,20x,"(1.0, 4.0001295152497285, 16.003181250696805)"
378,TCGA-12-0691-01Z-00-DX4.f7c6d2db-9c2d-4cfb-ba31-6392599c561a,TCGA-12-0691,20x,"(1.0, 4.000038449707782, 16.002398467742466)"
379,TCGA-12-0691-01Z-00-DX1.4bb6287c-f989-4f9d-9def-9048138dbc53,TCGA-12-0691,20x,"(1.0, 4.000103577007099, 16.0008847993966)"
380,TCGA-12-0691-01Z-00-DX3.5e39087c-19ce-4dff-89b2-bb366a48a393,TCGA-12-0691,20x,"(1.0, 4.000242064722707, 16.003187347624163)"
381,TCGA-12-0691-01Z-00-DX2.f2ebd095-4760-4c0e-9d9e-d13b352394d8,TCGA-12-0691,20x,"(1.0, 4.0, 16.001581523785617)"
382,TCGA-12-0691-01Z-00-DX5.2096432e-0a08-449c-a338-a034381c9723,TCGA-12-0691,20x,"(1.0, 4.000105326426538, 16.00090605136483)"
383,TCGA-12-0692-01Z-00-DX4.9fceb40e-f018-4b0e-a423-7f234079caae,TCGA-12-0692,20x,"(1.0, 4.00015473470165, 16.002904761904762)"
384,TCGA-12-0692-01Z-00-DX1.f01c48e9-333d-4ca8-8b36-e2749b629aea,TCGA-12-0692,20x,"(1.0, 4.0001812348644545, 16.005799250640898)"
385,TCGA-12-0692-01Z-00-DX3.9feb1e97-b622-4977-a3b3-daf594080ed9,TCGA-12-0692,20x,"(1.0, 4.000320442574216, 16.00438264395425)"
386,TCGA-12-0692-01Z-00-DX2.49e03ed1-2e2f-4c47-8c17-6e8826ecdb65,TCGA-12-0692,20x,"(1.0, 4.000165504469434, 16.001161900717086)"
387,TCGA-12-0692-01Z-00-DX5.15cf8c37-6ecd-4926-8e2d-473be7b1a16c,TCGA-12-0692,20x,"(1.0, 4.000100441944555, 16.002928083567696)"
388,TCGA-12-0703-01Z-00-DX2.2fb49fe5-2b2b-4dbd-9cf4-76f0d0032d2a,TCGA-12-0703,20x,"(1.0, 4.0000605877006965, 16.002104506929783)"
389,TCGA-12-0703-01Z-00-DX3.93ac10c7-1668-4dcd-b27b-a8f4855c695a,TCGA-12-0703,20x,"(1.0, 4.00012085771034, 16.000968176500038)"
390,TCGA-12-0703-01Z-00-DX1.c09bd51d-9a48-446a-a9fd-d4138f76c11c,TCGA-12-0703,20x,"(1.0, 4.000398936170212, 16.00159574468085)"
391,TCGA-12-0707-01Z-00-DX5.72af8ec5-7d2d-45a4-a40c-cdbe9ae72100,TCGA-12-0707,20x,"(1.0, 4.000105322423789, 16.001621870978283)"
392,TCGA-12-0707-01Z-00-DX4.4371711c-c65a-4a3f-b054-3566f4050b97,TCGA-12-0707,20x,"(1.0, 4.000055840964932, 16.002543915009618)"
393,TCGA-12-0707-01Z-00-DX3.f7944647-0396-4ae2-a353-2175df5ad427,TCGA-12-0707,20x,"(1.0, 4.0001035569718475, 16.001600811182104)"
394,TCGA-12-0707-01Z-00-DX2.4fc2ee06-8f7f-4463-ad5e-be0ea4605358,TCGA-12-0707,20x,"(1.0, 4.000077378467563, 16.001547693549114)"
395,TCGA-12-0707-01Z-00-DX1.96127c4a-82dd-4c27-9697-4d3b66bb29cb,TCGA-12-0707,20x,"(1.0, 4.000202633155242, 16.001295278279645)"
396,TCGA-12-0769-01Z-00-DX2.72cfbf9f-2cc9-4001-b93f-544abda445fa,TCGA-12-0769,20x,"(1.0, 4.000165528509584, 16.00259475782917)"
397,TCGA-12-0769-01Z-00-DX5.28bbb77f-a324-4889-8b47-721a625d72a0,TCGA-12-0769,20x,"(1.0, 4.0, 16.001581523785617)"
398,TCGA-12-0769-01Z-00-DX3.d78fbf4a-5246-4f49-bccd-a6719ee6b1cf,TCGA-12-0769,20x,"(1.0, 4.000150073159309, 16.003233362125627)"
399,TCGA-12-0769-01Z-00-DX4.72c67371-ed94-4435-a9fa-1b512799b325,TCGA-12-0769,20x,"(1.0, 4.000031240237426, 16.002059049597587)"
400,TCGA-12-0769-01Z-00-DX1.ebd0fe2a-1113-413f-a04d-e5cf7c0335ff,TCGA-12-0769,20x,"(1.0, 4.000337554372075, 8.00067510874415)"
401,TCGA-12-0769-01Z-00-DX7.fee8ea19-a415-451d-8a37-91de4e0ce748,TCGA-12-0769,20x,"(1.0, 4.0000588062334606, 16.000705716302047)"
402,TCGA-12-0769-01Z-00-DX6.093886ef-289d-45af-a327-457877628447,TCGA-12-0769,20x,"(1.0, 4.000089597706299, 16.001939946724683)"
403,TCGA-12-0772-01Z-00-DX2.25ab3b61-79ce-4096-a0db-4aff20919b6d,TCGA-12-0772,20x,"(1.0, 4.0000902201371344, 16.000360880548538)"
404,TCGA-12-0772-01Z-00-DX4.32e45a07-940b-4403-8c2b-16958d700b6d,TCGA-12-0772,20x,"(1.0, 4.000134505021521, 16.000538020086083)"
405,TCGA-12-0772-01Z-00-DX3.c8aa40ec-3007-457e-a355-cc984d18db9c,TCGA-12-0772,20x,"(1.0, 4.000225857046042, 16.002990520776265)"
406,TCGA-12-0772-01Z-00-DX1.7a7ec9d2-8102-46ba-ad54-3f9e05e0dd78,TCGA-12-0772,20x,"(1.0, 4.000193250863776, 16.000773003455105)"
407,TCGA-12-0773-01Z-00-DX3.97970cf6-acd1-4f5a-abd6-92194f2f0055,TCGA-12-0773,20x,"(1.0, 4.000038449707782, 16.001588004639665)"
408,TCGA-12-0773-01Z-00-DX6.dcbe26b4-f239-4ae8-982f-49f4e53de6a2,TCGA-12-0773,20x,"(1.0, 4.0, 16.001436265709156)"
409,TCGA-12-0773-01Z-00-DX2.d9489f48-bc7a-41a4-9dd8-b12e3a0748d0,TCGA-12-0773,20x,"(1.0, 4.000103419746277, 16.001861904908353)"
410,TCGA-12-0773-01Z-00-DX1.67754c60-0f9b-47e0-8188-440d84ced343,TCGA-12-0773,20x,"(1.0, 4.000103419746277, 16.001861904908353)"
411,TCGA-12-0773-01Z-00-DX5.1ca2e976-664b-48d5-8aed-9dcc77be1434,TCGA-12-0773,20x,"(1.0, 4.000134613658799, 16.002692998204665)"
412,TCGA-12-0775-01Z-00-DX3.adf71bba-1638-4dc0-a0f2-e7b26fb63d25,TCGA-12-0775,20x,"(1.0, 4.000160170848906, 16.001495087569417)"
413,TCGA-12-0775-01Z-00-DX1.39db447e-3a48-4001-89c4-4925a2d059aa,TCGA-12-0775,20x,"(1.0, 4.00019846902725, 16.005558799358198)"
414,TCGA-12-0775-01Z-00-DX2.cc33eab4-0b03-466f-ac91-a8fc77d2c598,TCGA-12-0775,20x,"(1.0, 4.0, 16.001581523785617)"
415,TCGA-12-0775-01Z-00-DX4.ed8edc90-7512-4216-9dbc-ee16f0f77cd0,TCGA-12-0775,20x,"(1.0, 4.000144292214133, 16.00057716885653)"
416,TCGA-12-0776-01Z-00-DX1.8f1ba99c-f19b-440a-802e-e4af5771e23b,TCGA-12-0776,20x,"(1.0, 4.0000911909538575, 16.002688829676906)"
417,TCGA-12-0776-01Z-00-DX2.7b121b0e-50f2-4dac-99e8-0cdbb81b473a,TCGA-12-0776,20x,"(1.0, 4.000154114866948, 16.00230323113395)"
418,TCGA-12-0776-01Z-00-DX3.d5213d31-2793-4d3b-911d-81535193ee42,TCGA-12-0776,20x,"(1.0, 4.000038449707782, 16.001463556525955)"
419,TCGA-12-0778-01Z-00-DX6.d3830570-2bbe-4e9a-a57f-857f6b896b12,TCGA-12-0778,20x,"(1.0, 4.0, 16.0024320760266)"
420,TCGA-12-0778-01Z-00-DX5.c06f9e45-8e82-4689-a605-9459213856c7,TCGA-12-0778,20x,"(1.0, 4.000209035474352, 16.003038936641136)"
421,TCGA-12-0778-01Z-00-DX4.0b72da45-4d5d-447f-8c6c-a5fd8d163e99,TCGA-12-0778,20x,"(1.0, 4.000134384518903, 16.002504517313902)"
422,TCGA-12-0778-01Z-00-DX1.7050afff-2c1b-4647-91e1-98d3be5f26f1,TCGA-12-0778,20x,"(1.0, 4.0, 16.001581523785617)"
423,TCGA-12-0778-01Z-00-DX2.a489ed1e-20b7-4dc5-9263-343cbfcbc1b7,TCGA-12-0778,20x,"(1.0, 4.0, 16.001581523785617)"
424,TCGA-12-0778-01Z-00-DX3.477f7607-7e8f-4209-aeec-7ce298a2a790,TCGA-12-0778,20x,"(1.0, 4.000105396290051, 16.001310276562116)"
425,TCGA-12-0780-01Z-00-DX1.1020a882-f78f-4ffc-a845-50267d77163c,TCGA-12-0780,20x,"(1.0, 4.000228189236753, 16.00291288191577)"
426,TCGA-12-0780-01Z-00-DX2.a7029362-0531-4b09-a611-e5668e4170b0,TCGA-12-0780,20x,"(1.0, 4.00024054009596, 16.005539466521505)"
427,TCGA-12-0780-01Z-00-DX3.6ecd72ef-2b14-4751-b8f7-f105049742dd,TCGA-12-0780,20x,"(1.0, 4.000178669780164, 16.00557572041692)"
428,TCGA-12-0818-01Z-00-DX4.26E9E9C7-9C05-471E-A296-05A3DABEE6E1,TCGA-12-0818,20x,"(1.0, 4.000085338795016, 16.002223063130483)"
429,TCGA-12-0818-01Z-00-DX2.B4D2796F-6303-439B-BB61-06F2F81CE6C0,TCGA-12-0818,20x,"(1.0, 4.000085338795016, 16.002223063130483)"
430,TCGA-12-0818-01Z-00-DX1.EA8E6672-9056-411A-B003-D1638F1CB891,TCGA-12-0818,20x,"(1.0, 4.000085338795016, 16.002223063130483)"
431,TCGA-12-0818-01Z-00-DX5.D95A36D4-8F46-4CFC-8645-71F05F87182A,TCGA-12-0818,20x,"(1.0, 4.000085338795016, 16.002223063130483)"
432,TCGA-12-0818-01Z-00-DX3.39FEFDC4-75BA-4BE2-80B4-E37BA147020D,TCGA-12-0818,20x,"(1.0, 4.000085338795016, 16.002223063130483)"
433,TCGA-12-0819-01Z-00-DX3.F5692549-B432-435C-A200-6622BF084F56,TCGA-12-0819,20x,"(1.0, 4.000085338795016, 16.002223063130483)"
434,TCGA-12-0819-01Z-00-DX1.8F874ED5-34B2-4E42-BBA5-329FB2DED709,TCGA-12-0819,20x,"(1.0, 4.000222172850478, 16.00585307134006)"
435,TCGA-12-0819-01Z-00-DX2.CA37F7BE-86D9-421F-B5A5-87E2BDDF7AAB,TCGA-12-0819,20x,"(1.0, 4.000085338795016, 16.002223063130483)"
436,TCGA-12-0820-01Z-00-DX1.43DEB9E2-D419-4263-8188-20FEBB070AAF,TCGA-12-0820,20x,"(1.0, 4.000515550161586, 8.002673063973063)"
437,TCGA-12-0821-01Z-00-DX3.36A91C47-5A98-430A-BDE2-A70A02E6C837,TCGA-12-0821,20x,"(1.0, 4.000085338795016, 16.002223063130483)"
438,TCGA-12-0821-01Z-00-DX2.E0F30115-B141-451C-84F1-64839ED91D24,TCGA-12-0821,20x,"(1.0, 4.000085338795016, 16.002223063130483)"
439,TCGA-12-0821-01Z-00-DX1.EDD83394-E7FE-4D05-9BBB-8D971DE305F4,TCGA-12-0821,20x,"(1.0, 4.000085338795016, 16.002223063130483)"
440,TCGA-12-0822-01Z-00-DX3.2AB8F5AD-CAD0-4680-B537-AC7A8F05A83E,TCGA-12-0822,20x,"(1.0, 4.000085338795016, 16.002223063130483)"
441,TCGA-12-0822-01Z-00-DX4.930BEE6E-3E78-4C10-B63F-D97AA6731A12,TCGA-12-0822,20x,"(1.0, 4.000085338795016, 16.002223063130483)"
442,TCGA-12-0822-01Z-00-DX5.DAB7AC20-113B-4B0F-8FE9-8581497468C0,TCGA-12-0822,20x,"(1.0, 4.000085338795016, 16.002223063130483)"
443,TCGA-12-0822-01Z-00-DX1.461357D5-1C72-4B8B-A1B5-81C4D31352E4,TCGA-12-0822,20x,"(1.0, 4.000085338795016, 16.002223063130483)"
444,TCGA-12-0822-01Z-00-DX2.C4F87A2B-B4CA-41D3-A082-588155F4D17D,TCGA-12-0822,20x,"(1.0, 4.0, 16.002584248198815)"
445,TCGA-12-0826-01Z-00-DX1.912E2863-3415-4F81-9DC2-C73E010BFBB0,TCGA-12-0826,20x,"(1.0, 4.000114092136997, 16.001822517922278)"
446,TCGA-12-0826-01Z-00-DX2.EBD12563-948E-4983-8F96-FE56B8358EE2,TCGA-12-0826,20x,"(1.0, 4.00019947100526, 16.001480987867637)"
447,TCGA-12-0826-01Z-00-DX3.54FBC2BF-EC32-4062-B4CD-367A1C559EAD,TCGA-12-0826,20x,"(1.0, 4.0, 16.0)"
448,TCGA-12-0827-01Z-00-DX3.CC3B9B34-4BD8-4C93-ACC8-29BC2D3D93E0,TCGA-12-0827,20x,"(1.0, 4.0000444306215845, 16.002608945187106, 32.010679572778265)"
449,TCGA-12-0827-01Z-00-DX1.2E975B17-CDAF-4EE0-A51E-B22740A2C1AA,TCGA-12-0827,20x,"(1.0, 4.0000444306215845, 16.002608945187106, 32.010679572778265)"
450,TCGA-12-0827-01Z-00-DX2.85A76752-6E43-4FD2-A40C-7285CC3FC58D,TCGA-12-0827,20x,"(1.0, 4.0000444306215845, 16.002608945187106, 32.010679572778265)"
451,TCGA-12-0828-01Z-00-DX3.53D916FA-0855-43B5-BE16-EB5029DF2864,TCGA-12-0828,20x,"(1.0, 4.000085338795016, 16.002223063130483)"
452,TCGA-12-0828-01Z-00-DX2.E884D44B-E63F-47B3-BC43-F48A036EF99F,TCGA-12-0828,20x,"(1.0, 4.000156149344289, 16.003885584267834)"
453,TCGA-12-0828-01Z-00-DX1.05F4B5F3-F4A1-4763-A1AB-7082AB06D37D,TCGA-12-0828,20x,"(1.0, 4.000085338795016, 16.002223063130483)"
454,TCGA-12-0829-01Z-00-DX2.16FEE63B-65F2-4B6A-821D-488522B7826E,TCGA-12-0829,20x,"(1.0, 4.000085338795016, 16.002223063130483)"
455,TCGA-12-0829-01Z-00-DX1.4101C097-7249-42D7-96A3-EB78FD160241,TCGA-12-0829,20x,"(1.0, 4.000085338795016, 16.002223063130483)"
456,TCGA-12-1088-01Z-00-DX1.0935BD29-1307-4CBB-8CCA-99127296F821,TCGA-12-1088,20x,"(1.0, 4.00045753852079, 16.003712673075228)"
457,TCGA-12-1088-01Z-00-DX3.ABBFA65F-C940-4F9F-8F43-06CD25A64176,TCGA-12-1088,20x,"(1.0, 4.000089557585527, 16.002324663739493)"
458,TCGA-12-1088-01Z-00-DX2.19EEA1B3-B380-48AE-949C-DB31E1D3055F,TCGA-12-1088,20x,"(1.0, 4.000089242068611, 16.000356968274446)"
459,TCGA-12-1089-01Z-00-DX3.84A809E9-88B5-4E13-A577-563AA7E11F2D,TCGA-12-1089,20x,"(1.0, 4.000120318441575, 16.002702724635952)"
460,TCGA-12-1089-01Z-00-DX2.F96B9732-9A81-44D5-9B0D-48C1E061A92A,TCGA-12-1089,20x,"(1.0, 4.000194827424522, 16.00077930969809)"
461,TCGA-12-1089-01Z-00-DX1.E68DFC4E-748F-41E3-BC77-361421A74517,TCGA-12-1089,20x,"(1.0, 4.000085689802914, 16.002231456411558, 32.004462912823115)"
462,TCGA-12-1090-01Z-00-DX1.A346B5FD-4AF1-41F5-84BC-7C247C180582,TCGA-12-1090,20x,"(1.0, 4.000088474720288, 16.00275588049646)"
463,TCGA-12-1090-01Z-00-DX2.71C97297-BBDC-4B28-AE4F-BB8D1BCF2FBD,TCGA-12-1090,20x,"(1.0, 4.00007314932215, 16.002506653129664, 32.00501330625933)"
464,TCGA-12-1091-01Z-00-DX1.DC7370CB-B562-47C8-859E-6852297F809D,TCGA-12-1091,20x,"(1.0, 4.00005799118534, 16.002088167053365)"
465,TCGA-12-1091-01Z-00-DX3.EBCFA1D7-285E-4D7D-86E5-3BA56E84E58B,TCGA-12-1091,20x,"(1.0, 4.0000227200436225, 16.00333137045341, 32.015308569566635)"
466,TCGA-12-1091-01Z-00-DX2.E3A31BCE-F8DD-4B9D-AB05-A93EACFE5971,TCGA-12-1091,20x,"(1.0, 4.0000448149144034, 16.001761056537813, 32.009261637020124)"
467,TCGA-12-1092-01Z-00-DX1.78AA4D76-674D-4DCC-B46A-284FAC277653,TCGA-12-1092,20x,"(1.0, 4.0000227200436225, 16.00333137045341, 32.015308569566635)"
468,TCGA-12-1092-01Z-00-DX2.AEDBBC67-DA91-4872-90D7-8304C8A25D91,TCGA-12-1092,20x,"(1.0, 4.0000227200436225, 16.00333137045341, 32.015308569566635)"
469,TCGA-12-1093-01Z-00-DX2.620A2F8E-637C-4813-8088-C1EB231A0E64,TCGA-12-1093,20x,"(1.0, 4.0000227200436225, 16.00333137045341, 32.015308569566635)"
470,TCGA-12-1093-01Z-00-DX1.4B92D07E-EC99-43DD-B144-4349BB6C48C8,TCGA-12-1093,20x,"(1.0, 4.0000227200436225, 16.00333137045341, 32.015308569566635)"
471,TCGA-12-1094-01Z-00-DX1.A0AD35C5-C87C-4347-A182-F6AF67FDC3CB,TCGA-12-1094,20x,"(1.0, 4.0000227200436225, 16.00333137045341, 32.015308569566635)"
472,TCGA-12-1094-01Z-00-DX2.9B90CBA4-A9CB-48B4-A59F-DD47E4BAC51D,TCGA-12-1094,20x,"(1.0, 4.0000227200436225, 16.00333137045341, 32.015308569566635)"
473,TCGA-12-1095-01Z-00-DX1.9F634433-9EED-4FD8-993E-D5EA711E179A,TCGA-12-1095,20x,"(1.0, 4.000089533530307, 16.001607689716362)"
474,TCGA-12-1095-01Z-00-DX3.7948F970-B60F-493C-9E18-65F7F5F7FCBE,TCGA-12-1095,20x,"(1.0, 4.00020744961761, 16.00232654303528, 32.00465308607056)"
475,TCGA-12-1095-01Z-00-DX2.23FBC78E-3DD2-4491-BAF7-EEE9FD1EBE35,TCGA-12-1095,20x,"(1.0, 4.000076063186776, 16.00295626416208)"
476,TCGA-12-1096-01Z-00-DX3.FEDB0228-30A1-4AAF-8595-D58ECE68ACBE,TCGA-12-1096,20x,"(1.0, 4.0001343363782915, 16.003113259346755, 32.01501075268817)"
477,TCGA-12-1096-01Z-00-DX2.4093A4AD-075A-4091-B888-A5D9FA40DC89,TCGA-12-1096,20x,"(1.0, 4.0000227200436225, 16.00333137045341, 32.015308569566635)"
478,TCGA-12-1096-01Z-00-DX1.A09B67D5-A6CE-41C8-A4B0-A3F89AA16443,TCGA-12-1096,20x,"(1.0, 4.000162915928972, 16.001432027800682, 32.00861143998816)"
479,TCGA-12-1096-01Z-00-DX4.853D57E2-0444-4623-BB23-6F75EA5087C2,TCGA-12-1096,20x,"(1.0, 4.0000227200436225, 16.00333137045341, 32.015308569566635)"
480,TCGA-12-1097-01Z-00-DX2.EDB67EBD-4BD2-4846-A2A8-58EFC131A5B8,TCGA-12-1097,20x,"(1.0, 4.0000227200436225, 16.00333137045341, 32.015308569566635)"
481,TCGA-12-1097-01Z-00-DX1.35178E9C-6C7C-4B9A-850F-FE997288B6ED,TCGA-12-1097,20x,"(1.0, 4.0000227200436225, 16.00333137045341, 32.015308569566635)"
482,TCGA-12-1097-01Z-00-DX3.164386D1-9C06-43AF-8E69-338893CC7291,TCGA-12-1097,20x,"(1.0, 4.000044718719256, 16.001759132290307, 32.009245461756265)"
483,TCGA-12-1098-01Z-00-DX1.53273BD2-BB87-49C5-95A2-32B9FADCF004,TCGA-12-1098,20x,"(1.0, 4.0000227200436225, 16.00333137045341, 32.015308569566635)"
484,TCGA-12-1098-01Z-00-DX2.0E53D331-D768-4328-A614-28DF8C6B755D,TCGA-12-1098,20x,"(1.0, 4.000094029149036, 16.00374963049554, 32.00749926099108)"
485,TCGA-12-1099-01Z-00-DX2.D3C080D8-CAE7-4A9C-A2DD-3CCAF4A3FFF3,TCGA-12-1099,20x,"(1.0, 4.0000227200436225, 16.00333137045341, 32.015308569566635)"
486,TCGA-12-1099-01Z-00-DX1.8AD15149-E35B-4294-9398-8208E78EE3B8,TCGA-12-1099,20x,"(1.0, 4.0000227200436225, 16.00333137045341, 32.015308569566635)"
487,TCGA-12-1099-01Z-00-DX3.9319D36E-23BA-44E0-8ED9-41DA3871DBD6,TCGA-12-1099,20x,"(1.0, 4.0000227200436225, 16.00333137045341, 32.015308569566635)"
488,TCGA-12-1598-01Z-00-DX2.2A4CDADD-272F-4C1A-82D4-E8EE0DB742A9,TCGA-12-1598,20x,"(1.0, 4.000085338795016, 16.002223063130483)"
489,TCGA-12-1598-01Z-00-DX1.B827CBBB-7FC1-45DC-AC32-BC57009745C7,TCGA-12-1598,20x,"(1.0, 4.000085338795016, 16.002223063130483)"
490,TCGA-12-1598-01Z-00-DX4.0B636310-8406-4776-B893-27B4CECB33F5,TCGA-12-1598,20x,"(1.0, 4.000085338795016, 16.002223063130483)"
491,TCGA-12-1598-01Z-00-DX3.30FE66CA-5E4A-42AF-8BF2-3FD789678EAC,TCGA-12-1598,20x,"(1.0, 4.000085338795016, 16.002223063130483)"
492,TCGA-12-1599-01Z-00-DX1.9EC541A8-03C6-43A9-877A-942F90810302,TCGA-12-1599,20x,"(1.0, 4.000146111003108, 16.000584444012432)"
493,TCGA-12-1599-01Z-00-DX2.1DA64E85-0826-4143-AD26-A98E06851B87,TCGA-12-1599,20x,"(1.0, 4.000085338795016, 16.002223063130483)"
494,TCGA-12-1599-01Z-00-DX3.8833F97C-5897-41E4-8FE3-A98C16BB1C0C,TCGA-12-1599,20x,"(1.0, 4.000085338795016, 16.002223063130483)"
495,TCGA-12-1600-01Z-00-DX2.8E6635EC-66CA-4C13-9AA6-7DE032B21C3B,TCGA-12-1600,20x,"(1.0, 4.000085338795016, 16.002223063130483)"
496,TCGA-12-1600-01Z-00-DX1.3B8D681B-0DF9-447D-AD30-B8BA5ACE264C,TCGA-12-1600,20x,"(1.0, 4.000085338795016, 16.002223063130483)"
497,TCGA-12-1602-01Z-00-DX2.35505B4C-3613-4536-9B8D-36283BDD9E9C,TCGA-12-1602,20x,"(1.0, 4.0, 16.002667304584833)"
498,TCGA-12-1602-01Z-00-DX1.FB995B06-B44A-46DA-AB1E-F65BDF4D872F,TCGA-12-1602,20x,"(1.0, 4.000186451681142, 16.003114714741116)"
499,TCGA-12-1602-01Z-00-DX4.101D2311-011B-4362-89C6-D8F0F0C28065,TCGA-12-1602,20x,"(1.0, 4.000085338795016, 16.002223063130483)"
500,TCGA-12-1602-01Z-00-DX5.699D9FC4-F113-4DC5-8DCB-B00150AA8B98,TCGA-12-1602,20x,"(1.0, 4.0000444306215845, 16.002608945187106, 32.010679572778265)"
501,TCGA-12-1602-01Z-00-DX3.81B9C612-4CFF-46B0-A49C-2061EC9D9076,TCGA-12-1602,20x,"(1.0, 4.000223615170617, 16.003330699667853)"
502,TCGA-12-3644-01Z-00-DX2.ED74AF5C-8A72-49D6-83E7-21FA4F47CC1E,TCGA-12-3644,20x,"(1.0, 4.000074052132701, 16.001230351454673)"
503,TCGA-12-3644-01Z-00-DX1.2FCEC3DA-D09A-42BE-AAA1-35EC272B0895,TCGA-12-3644,20x,"(1.0, 4.0000605877006965, 16.004775679457417, 32.009551358914834)"
504,TCGA-12-3646-01Z-00-DX2.A4BF4903-5889-474A-97AB-C3CC2210EAD4,TCGA-12-3646,20x,"(1.0, 4.000128030044383, 16.001400811579444, 32.011822404371586)"
505,TCGA-12-3646-01Z-00-DX1.31628F37-ED94-452B-9667-B6AA8158CA47,TCGA-12-3646,20x,"(1.0, 4.0, 16.002630359971114)"
506,TCGA-12-3648-01Z-00-DX2.81CB183D-4474-488B-8964-927C4A656C42,TCGA-12-3648,20x,"(1.0, 4.000074858836396, 16.00289360469656)"
507,TCGA-12-3648-01Z-00-DX3.9172F115-4C1C-44CD-813F-492A9C08E88E,TCGA-12-3648,20x,"(1.0, 4.000090884304281, 16.002545454545455)"
508,TCGA-12-3648-01Z-00-DX1.BB8213F9-1553-45D3-9F5C-DE8519B0F0CD,TCGA-12-3648,20x,"(1.0, 4.000158233543143, 16.004765439584233)"
509,TCGA-12-3649-01Z-00-DX3.23C7DD3E-4B58-42A7-A0AD-B7F2B004C733,TCGA-12-3649,20x,"(1.0, 4.0, 16.001857233738747, 32.011659842408804)"
510,TCGA-12-3649-01Z-00-DX1.8AD22447-2D97-43BE-BDF1-40F51180508A,TCGA-12-3649,20x,"(1.0, 4.0, 16.00114263949724, 32.012141843971634)"
511,TCGA-12-3649-01Z-00-DX2.19366BF0-743A-46BA-BE74-07DC752E0779,TCGA-12-3649,20x,"(1.0, 4.000103866502739, 16.001592747430994, 32.00318549486199)"
512,TCGA-12-3650-01Z-00-DX2.454C5969-2EAD-4521-9662-11D814257B93,TCGA-12-3650,20x,"(1.0, 4.000150651813345, 16.002375735040516, 32.01312255662427)"
513,TCGA-12-3650-01Z-00-DX1.3FC24EDA-D166-4868-99BA-B4A71924E409,TCGA-12-3650,20x,"(1.0, 4.0, 16.000898069151326)"
514,TCGA-12-3651-01Z-00-DX4.CCABF491-326A-42B1-B106-605205FF3849,TCGA-12-3651,20x,"(1.0, 4.0001323451561674, 16.00305747629973, 32.011766041162225)"
515,TCGA-12-3651-01Z-00-DX3.46281DC8-8E79-49FA-BA05-91569C19AF15,TCGA-12-3651,20x,"(1.0, 4.000128019117522, 16.002059624988394, 32.00958454707179)"
516,TCGA-12-3651-01Z-00-DX1.D6E342B8-0091-4543-B091-C894A64C04B1,TCGA-12-3651,20x,"(1.0, 4.000085287846482, 16.002139612882, 32.009740675280355)"
517,TCGA-12-3651-01Z-00-DX2.AF4FB861-2529-4C10-ABF5-6BB6329AD091,TCGA-12-3651,20x,"(1.0, 4.000071408169095, 16.00294167517306)"
518,TCGA-12-3652-01Z-00-DX1.BC31A966-8D64-4447-ACFE-1ED4BB95FEE6,TCGA-12-3652,20x,"(1.0, 4.000222538256947, 16.00353799349496, 32.01439089792484)"
519,TCGA-12-3652-01Z-00-DX3.946EF480-D6C3-4673-85F5-4368A452AB0B,TCGA-12-3652,20x,"(1.0, 4.000090884304281, 16.004862951648583)"
520,TCGA-12-3652-01Z-00-DX2.B207316E-77EB-4827-96C6-59BEBD2CFD9F,TCGA-12-3652,20x,"(1.0, 4.0000444306215845, 16.002608945187106, 32.010679572778265)"
521,TCGA-12-3652-01Z-00-DX4.353A9D45-955F-4DEA-A4C0-0A7A29B1F8E1,TCGA-12-3652,20x,"(1.0, 4.000180161911515, 16.00280774023816)"
522,TCGA-12-3653-01Z-00-DX3.7A9DE9AC-76BA-4FDF-90BF-D47B2276E195,TCGA-12-3653,20x,"(1.0, 4.000157977883097, 16.003160556257903)"
523,TCGA-12-3653-01Z-00-DX4.47B8A4CF-3B51-4C0B-944B-E84326CFF973,TCGA-12-3653,20x,"(1.0, 4.0000444306215845, 16.002608945187106, 32.010679572778265)"
524,TCGA-12-3653-01Z-00-DX1.B8E0B7A4-84B1-4200-8B82-9A4A6F51F8B5,TCGA-12-3653,20x,"(1.0, 4.0001409641950945, 16.002204480875598, 32.0079649122807)"
525,TCGA-12-3653-01Z-00-DX2.0ABC309A-EE6B-4346-B6F0-59BDB90E922F,TCGA-12-3653,20x,"(1.0, 4.000085280573085, 16.002821973850953, 32.01110586299366)"
526,TCGA-14-0783-01Z-00-DX4.0c9a4099-ce38-4dd5-ad10-3467f0735985,TCGA-14-0783,20x,"(1.0, 4.000167544302094, 16.001477320419696)"
527,TCGA-14-0783-01Z-00-DX2.5317722f-f0da-48f4-9d13-9e3b102ae32f,TCGA-14-0783,20x,"(1.0, 4.000055555555555, 16.00022222222222)"
528,TCGA-14-0783-01Z-00-DX3.a81fa8d1-63a7-4f1f-9a47-2b3b89a2bd0d,TCGA-14-0783,20x,"(1.0, 4.00012032832693, 16.001263805052538)"
529,TCGA-14-0783-01Z-00-DX1.904587e4-393d-4e4d-9337-ff2655f87ca8,TCGA-14-0783,20x,"(1.0, 4.000175145255491, 16.001486474233033)"
530,TCGA-14-0786-01Z-00-DX1.af5e1f7d-4b04-4b8c-a98d-14361400fe94,TCGA-14-0786,20x,"(1.0, 4.000234934130617, 16.002684318734033)"
531,TCGA-14-0786-01Z-00-DX3.395dc39e-0e6e-47c3-84e3-7fc7a4a73c9c,TCGA-14-0786,20x,"(1.0, 4.000174256150702, 16.002254732806136)"
532,TCGA-14-0786-01Z-00-DX2.9dd57cfe-f467-4796-a491-48b737a6248c,TCGA-14-0786,20x,"(1.0, 4.000182419437298, 16.00326252557067)"
533,TCGA-14-0787-01Z-00-DX2.cae9033c-a793-49d6-ab22-366675ac1568,TCGA-14-0787,20x,"(1.0, 4.000052121338475, 16.001825314311176)"
534,TCGA-14-0787-01Z-00-DX1.8ad41d8d-e177-4f07-98d5-ca55d4f9db46,TCGA-14-0787,20x,"(1.0, 4.000579240106971, 16.00602527945191)"
535,TCGA-14-0789-01Z-00-DX2.5e913c82-e017-4cc0-bbad-a447b7b1757e,TCGA-14-0789,20x,"(1.0, 4.000382354200339, 16.002379418126488)"
536,TCGA-14-0789-01Z-00-DX4.76e3eef7-b6ee-45aa-9ada-24e48da42be4,TCGA-14-0789,20x,"(1.0, 4.0, 16.002014098690836)"
537,TCGA-14-0789-01Z-00-DX5.023e0d23-04a2-4a94-b8b8-0b6231cc08f2,TCGA-14-0789,20x,"(1.0, 4.000471274788312, 16.00188509915325)"
538,TCGA-14-0789-01Z-00-DX6.dcee0120-1d46-4ab2-a6a8-1906b2c7f1c3,TCGA-14-0789,20x,"(1.0, 4.000107374727566, 16.003385254900827, 32.006770509801655)"
539,TCGA-14-0789-01Z-00-DX1.a6b2d058-a096-4604-bd9b-0e1dc4c2de45,TCGA-14-0789,20x,"(1.0, 4.000120513401355, 16.004794808712692)"
540,TCGA-14-0789-01Z-00-DX3.8a64c7a6-7f8a-4567-a57d-036f610a17ee,TCGA-14-0789,20x,"(1.0, 4.000164626141535, 16.002173189885937, 32.0104085635177)"
541,TCGA-14-0789-01Z-00-DX7.0a15d486-2455-433b-bb96-155834c23b59,TCGA-14-0789,20x,"(1.0, 4.000094375235938, 16.000377500943753)"
542,TCGA-14-0813-01Z-00-DX1.e61a79e4-80bb-49b7-b089-278eb5eabc2d,TCGA-14-0813,20x,"(1.0, 4.000040879731829, 16.002978782501607)"
543,TCGA-14-0813-01Z-00-DX3.1d6ed1db-6096-4f2d-a613-41aa8b172e89,TCGA-14-0813,20x,"(1.0, 4.000392034377407, 16.003721207235813)"
544,TCGA-14-0813-01Z-00-DX2.f5ed7484-739f-4f90-bd88-1ebe4623bd89,TCGA-14-0813,20x,"(1.0, 4.000419600159703, 16.009668503399194)"
545,TCGA-14-0817-01Z-00-DX1.e9d56141-af70-4a31-9b08-5fca4d541e25,TCGA-14-0817,20x,"(1.0, 4.00014865467519, 16.004164187983342)"
546,TCGA-14-0817-01Z-00-DX2.dfc6136c-77e9-45c2-87f1-5b340229a128,TCGA-14-0817,20x,"(1.0, 4.000226389668523, 16.00691317279581)"
547,TCGA-14-0817-01Z-00-DX3.636820c0-c393-4590-bbe6-b56fe29e6b28,TCGA-14-0817,20x,"(1.0, 4.000104788850466, 16.00293501048218)"
548,TCGA-14-0867-01Z-00-DX1.4fa49d35-0a00-4ab6-b521-28401389a469,TCGA-14-0867,20x,"(1.0, 4.000145503928606, 16.001737243469744, 32.009686721542295)"
549,TCGA-14-0867-01Z-00-DX3.fa65c92f-2b67-4932-a468-3aab1d0fc6d3,TCGA-14-0867,20x,"(1.0, 4.000157893292474, 16.001024047474388)"
550,TCGA-14-0867-01Z-00-DX2.f2d7d9bd-85d4-47f0-a14f-923ea14626fb,TCGA-14-0867,20x,"(1.0, 4.000426575074626, 16.00398195302086)"
551,TCGA-14-0871-01Z-00-DX1.2832fa80-2d82-4304-9a04-cac90ce6487c,TCGA-14-0871,20x,"(1.0, 4.000368253957001, 16.002399880402557)"
552,TCGA-14-0871-01Z-00-DX2.90dac59c-0008-4105-80de-48b701eff68f,TCGA-14-0871,20x,"(1.0, 4.000077797854006, 16.001645729537366)"
553,TCGA-14-0871-01Z-00-DX3.e14ebe53-ddeb-41f1-9ff3-b7a635f7e745,TCGA-14-0871,20x,"(1.0, 4.0001255890647744, 16.002084319244858)"
554,TCGA-14-1034-01Z-00-DX2.08f09fde-3f37-4262-8880-9d924a89501a,TCGA-14-1034,20x,"(1.0, 4.0000526315789475, 16.001045948203846)"
555,TCGA-14-1034-01Z-00-DX1.3f594769-d805-4ecf-ab88-458c7d712299,TCGA-14-1034,20x,"(1.0, 4.000282126489459, 16.002176277781935, 32.01639835736039)"
556,TCGA-14-1034-01Z-00-DX3.e0e02544-ae8a-476f-b380-dace7a3c6f2a,TCGA-14-1034,20x,"(1.0, 4.000200555426085, 16.00080222170434)"
557,TCGA-14-1037-01Z-00-DX1.4a7c2db6-d389-4194-ac24-8a739c68c7f3,TCGA-14-1037,20x,"(1.0, 4.0002373048013045, 16.001881701631703)"
558,TCGA-14-1037-01Z-00-DX2.719144c7-139e-43c6-91d1-131b1876a4f5,TCGA-14-1037,20x,"(1.0, 4.000183997718274, 16.002347026446504, 32.0111420897126)"
559,TCGA-14-1396-01Z-00-DX1.ce29c5a9-6823-41be-9d07-f482a4539dad,TCGA-14-1396,20x,"(1.0, 4.0002193001443, 16.003186836027712, 32.006373672055425)"
560,TCGA-14-1401-01Z-00-DX1.fb948ba3-4128-45cc-a22c-160f1a5e227f,TCGA-14-1401,20x,"(1.0, 4.000177850712431, 16.002715536335828)"
561,TCGA-14-1401-01Z-00-DX3.9c8079a8-47b1-4c85-8dc7-96c3a3229eab,TCGA-14-1401,20x,"(1.0, 4.000249680054067, 16.004106220150756)"
562,TCGA-14-1401-01Z-00-DX2.c9d44615-8e8b-4434-ad30-46724c025d37,TCGA-14-1401,20x,"(1.0, 4.000213169739462, 16.002930735930736)"
563,TCGA-14-1402-01Z-00-DX3.c3663e36-b946-47de-ab1e-902dd9b97c06,TCGA-14-1402,20x,"(1.0, 4.000107958749538, 16.000431834998153)"
564,TCGA-14-1402-01Z-00-DX1.4b781667-3c35-48c5-8ae0-33ab7046a07b,TCGA-14-1402,20x,"(1.0, 4.000066666666667, 16.001299724517906)"
565,TCGA-14-1402-01Z-00-DX2.740c528c-6705-4bff-9130-3236f3d76b46,TCGA-14-1402,20x,"(1.0, 4.000465693883887, 8.002173913043478)"
566,TCGA-14-1451-01Z-00-DX2.df362448-224c-49ec-889d-50b3ab7f4f66,TCGA-14-1451,20x,"(1.0, 4.000234648324488, 16.001909555442005)"
567,TCGA-14-1451-01Z-00-DX5.1b7e4d47-115e-4761-a641-5820fd92582e,TCGA-14-1451,20x,"(1.0, 4.000173355060797, 16.001635982825427)"
568,TCGA-14-1451-01Z-00-DX7.7ddf944d-c184-4374-b3b1-60efbb6b6645,TCGA-14-1451,20x,"(1.0, 4.000174478782554, 16.003623495599065)"
569,TCGA-14-1451-01Z-00-DX4.055c27bd-a195-4c6e-8c2e-962bc0da5676,TCGA-14-1451,20x,"(1.0, 4.000104066276425, 16.002745514147687)"
570,TCGA-14-1451-01Z-00-DX1.e97169f1-5aa9-41f1-9780-349d5744bfae,TCGA-14-1451,20x,"(1.0, 4.000071428571429, 16.002592519360686, 32.01134065934066)"
571,TCGA-14-1451-01Z-00-DX3.f9b91681-4b4c-4cce-bf80-3e4b5dbc8451,TCGA-14-1451,20x,"(1.0, 4.000213648265328, 16.002600698384985)"
572,TCGA-14-1451-01Z-00-DX6.5c217432-c84e-4c99-b5d6-c9e330490063,TCGA-14-1451,20x,"(1.0, 4.00008695652174, 16.001179081282302)"
573,TCGA-14-1452-01Z-00-DX5.6ed874c2-ccf1-48a8-a54a-5780e0bc41f7,TCGA-14-1452,20x,"(1.0, 4.000074074074075, 16.00289820436221)"
574,TCGA-14-1452-01Z-00-DX3.8c053f2c-4525-47b5-b82b-0d842e38f00c,TCGA-14-1452,20x,"(1.0, 4.000071428571429, 16.001871128475173)"
575,TCGA-14-1452-01Z-00-DX4.ea6e3c27-3f3c-4050-be05-7f657f556750,TCGA-14-1452,20x,"(1.0, 4.000217553927346, 16.003248513674198)"
576,TCGA-14-1452-01Z-00-DX1.767185c9-6688-4264-9d2d-855d09477a64,TCGA-14-1452,20x,"(1.0, 4.000347238041002, 16.001388952164007)"
577,TCGA-14-1452-01Z-00-DX2.0a482b56-e322-488c-af00-492a7d41caeb,TCGA-14-1452,20x,"(1.0, 4.000234109554022, 16.00484300595238)"
578,TCGA-14-1453-01Z-00-DX3.d85f42df-ac7e-45b5-807e-929204bf3c87,TCGA-14-1453,20x,"(1.0, 4.00013537798213, 16.002091336354297)"
579,TCGA-14-1453-01Z-00-DX2.e761a338-0856-48ba-bdd8-dd9f59a47d5b,TCGA-14-1453,20x,"(1.0, 4.000066666666667, 8.000133333333334)"
580,TCGA-14-1453-01Z-00-DX4.023ea4a4-364c-4785-af1c-16e580cda290,TCGA-14-1453,20x,"(1.0, 4.000083333333333, 16.000333333333334)"
581,TCGA-14-1453-01Z-00-DX1.214c0e86-4eaa-495e-ab57-4507ac1db596,TCGA-14-1453,20x,"(1.0, 4.000113211819314, 16.001358695652172)"
582,TCGA-14-1454-01Z-00-DX1.b61db33c-e8d4-4740-b565-5e62bc13e606,TCGA-14-1454,20x,"(1.0, 4.000147158387793, 16.001488748874888)"
583,TCGA-14-1454-01Z-00-DX3.fecc5a30-809d-4654-aad5-39c8b1b70607,TCGA-14-1454,20x,"(1.0, 4.000221992008288, 16.002072232089994)"
584,TCGA-14-1454-01Z-00-DX2.91c3b5b3-8640-408a-956b-7df581d85121,TCGA-14-1454,20x,"(1.0, 4.000047619047619, 16.002992904962078)"
585,TCGA-14-1455-01Z-00-DX2.0cb23f34-d753-4c94-b495-51c602f192df,TCGA-14-1455,20x,"(1.0, 4.000088235294118, 16.00189555590844, 32.0099651416122)"
586,TCGA-14-1455-01Z-00-DX1.2414bc22-6d0d-452f-bb48-8b38ff6609fe,TCGA-14-1455,20x,"(1.0, 4.000295845088484, 16.001183380353936)"
587,TCGA-14-1458-01Z-00-DX2.1839e27f-381d-463e-b30e-c38f0b2835c6,TCGA-14-1458,20x,"(1.0, 4.000375787392524, 16.006288553551713)"
588,TCGA-14-1458-01Z-00-DX3.2cd0e033-ffb3-4a08-aa8b-571aa8d3b764,TCGA-14-1458,20x,"(1.0, 4.00021520710835, 16.00164091667115)"
589,TCGA-14-1458-01Z-00-DX5.e2cebf01-8e38-4e60-b3b1-acb100f23ac8,TCGA-14-1458,20x,"(1.0, 4.000083333333333, 16.00192632417364)"
590,TCGA-14-1458-01Z-00-DX4.c04960ec-9804-4665-8f3b-dc170d15429c,TCGA-14-1458,20x,"(1.0, 4.000168561918348, 16.00230498709064)"
591,TCGA-14-1458-01Z-00-DX1.35dbc89f-a754-4eac-ad20-40bc44c8fd09,TCGA-14-1458,20x,"(1.0, 4.0000800000000005, 16.00264288037166)"
592,TCGA-14-1459-01Z-00-DX1.cb8ebe63-8e53-4ab9-af3a-b34de40bd13b,TCGA-14-1459,20x,"(1.0, 4.000331981740415, 16.002688644688646)"
593,TCGA-14-1459-01Z-00-DX2.ca23cd3e-6503-463c-a79f-c132f64bf08d,TCGA-14-1459,20x,"(1.0, 4.000336172120125, 8.00067234424025)"
594,TCGA-14-1459-01Z-00-DX5.1e299bfc-3fe7-400f-994e-eea4cb9da334,TCGA-14-1459,20x,"(1.0, 4.00005, 16.002021493624774)"
595,TCGA-14-1459-01Z-00-DX4.84416aca-ea5f-453e-a4e3-e130d3240420,TCGA-14-1459,20x,"(1.0, 4.000071428571429, 16.002592519360686, 32.01134065934066)"
596,TCGA-14-1459-01Z-00-DX3.32c518cd-8044-40c4-a27d-6abf93237e86,TCGA-14-1459,20x,"(1.0, 4.000058823529412, 16.000235294117648)"
597,TCGA-14-1794-01Z-00-DX1.90a1497f-3308-4c70-afc9-4fbfd6e378e5,TCGA-14-1794,20x,"(1.0, 4.000148530881906, 16.001637454355766)"
598,TCGA-14-1794-01Z-00-DX2.3e13a3c1-8a7c-4b0a-8a6b-af1683a67be9,TCGA-14-1794,20x,"(1.0, 4.000051904910205, 16.001038205980066)"
599,TCGA-14-1795-01Z-00-DX5.58c9a128-c07e-4e4c-bb1a-3da364bce45b,TCGA-14-1795,20x,"(1.0, 4.000172432600904, 16.000689730403614)"
600,TCGA-14-1795-01Z-00-DX4.959a2462-9bd6-431c-b12e-e50e57043c7b,TCGA-14-1795,20x,"(1.0, 4.000208184830011, 16.003322559510814)"
601,TCGA-14-1795-01Z-00-DX2.9bbd2c20-2ef5-4df7-b5dd-bf0dd8a3d587,TCGA-14-1795,20x,"(1.0, 4.000222503793569, 16.00428584101929, 32.02109653900865)"
602,TCGA-14-1795-01Z-00-DX1.ef38b022-4f63-4ec2-a26b-3900d6bc73fc,TCGA-14-1795,20x,"(1.0, 4.000148709411196, 16.000594837644783, 32.00893434314675)"
603,TCGA-14-1795-01Z-00-DX7.48dbcbc9-52b6-4325-9c2f-55452f0a9065,TCGA-14-1795,20x,"(1.0, 4.000110173783012, 16.001441727441726)"
604,TCGA-14-1795-01Z-00-DX6.9e3232ce-11f2-4851-92ff-7386d5065b4d,TCGA-14-1795,20x,"(1.0, 4.00022219974535, 16.002698088504843)"
605,TCGA-14-1795-01Z-00-DX3.5311d61e-195e-4f91-be73-7bbb2745a519,TCGA-14-1795,20x,"(1.0, 4.00010149330587, 16.00205414091471)"
606,TCGA-14-1821-01Z-00-DX2.7c41e66e-2fb1-4a80-9c92-5ca34955f38c,TCGA-14-1821,20x,"(1.0, 4.000135373293309, 16.002866229806443)"
607,TCGA-14-1821-01Z-00-DX1.eef79762-89fb-47f5-9f43-1e6a906e5745,TCGA-14-1821,20x,"(1.0, 4.000077942322681, 16.004054897067995)"
608,TCGA-14-1821-01Z-00-DX3.48d826df-c9d8-4d7c-8236-c687886471b4,TCGA-14-1821,20x,"(1.0, 4.000071428571429, 16.000285714285717)"
609,TCGA-14-1823-01Z-00-DX4.2c0b643d-e181-40f7-a6b2-cab517151f85,TCGA-14-1823,20x,"(1.0, 4.000108719286802, 8.001087429317096)"
610,TCGA-14-1823-01Z-00-DX1.129ce4ca-bc8b-4e9c-8647-166610f9e42f,TCGA-14-1823,20x,"(1.0, 4.000202249388753, 16.004723131115462)"
611,TCGA-14-1823-01Z-00-DX3.082bdc85-6d24-43e6-9772-d25601f13e4a,TCGA-14-1823,20x,"(1.0, 4.000223048003853, 16.00346199143469)"
612,TCGA-14-1823-01Z-00-DX2.ad28794f-a4b0-4b2f-9707-df5db6564697,TCGA-14-1823,20x,"(1.0, 4.0001747984287785, 16.002353538934187, 32.004707077868375)"
613,TCGA-14-1825-01Z-00-DX1.f09203b7-73b2-4600-a92e-b097508b86ba,TCGA-14-1825,20x,"(1.0, 4.000071428571429, 16.000285714285717)"
614,TCGA-14-1825-01Z-00-DX4.b85367d0-ea6d-496e-8ef7-d6ce24ccf0cb,TCGA-14-1825,20x,"(1.0, 4.000190550382261, 16.000762201529042)"
615,TCGA-14-1825-01Z-00-DX3.a3bdaf02-431f-4a5b-a839-fae1bda3dd3b,TCGA-14-1825,20x,"(1.0, 4.000249556737589, 16.000998226950355)"
616,TCGA-14-1825-01Z-00-DX2.14bb8a54-f8ac-45bc-95aa-cfed2c2a55a6,TCGA-14-1825,20x,"(1.0, 4.000412815620146, 16.006980746003553)"
617,TCGA-14-1827-01Z-00-DX2.5c7ae9e9-c8e2-405e-8837-30b60045da70,TCGA-14-1827,20x,"(1.0, 4.000198121394661, 16.002344790964607)"
618,TCGA-14-1827-01Z-00-DX1.46ab4842-db0c-4ed6-aa2d-c70283aec1af,TCGA-14-1827,20x,"(1.0, 4.000275260613826, 16.004364017711488)"
619,TCGA-14-1829-01Z-00-DX5.915b6879-d64b-4c47-a67f-8aad4a006ffa,TCGA-14-1829,20x,"(1.0, 4.000183599466439, 16.002910824395045)"
620,TCGA-14-1829-01Z-00-DX3.a694c100-ecef-41ad-9034-564de2b2a307,TCGA-14-1829,20x,"(1.0, 4.000336673511294, 16.001346694045175)"
621,TCGA-14-1829-01Z-00-DX7.7cd4194a-15b5-4d94-a564-d35655c3e34f,TCGA-14-1829,20x,"(1.0, 4.000204464009886, 16.00329023485785)"
622,TCGA-14-1829-01Z-00-DX1.0cdf6765-4947-4635-9b87-987b70a66562,TCGA-14-1829,20x,"(1.0, 4.000116725117581, 16.002424865394026)"
623,TCGA-14-1829-01Z-00-DX8.1345a705-eac9-42c0-9bff-d5730dd4383f,TCGA-14-1829,20x,"(1.0, 4.000170757821536, 16.0030042266638)"
624,TCGA-14-1829-01Z-00-DX4.45034413-612f-49b8-9ec1-251e9b18bab1,TCGA-14-1829,20x,"(1.0, 4.000211750790697, 16.003474188975062)"
625,TCGA-14-1829-01Z-00-DX6.b1abc69f-9d09-4d7c-8814-dc14a4d7fe0b,TCGA-14-1829,20x,"(1.0, 4.00026964559268, 16.004060967528165)"
626,TCGA-14-1829-01Z-00-DX2.2c324a98-97a7-4c0e-ab48-f28d3a83170f,TCGA-14-1829,20x,"(1.0, 4.000182188937751, 16.002703211195634)"
627,TCGA-15-0742-01Z-00-DX1.5a21713f-a918-46ad-b09d-5cfd010384f8,TCGA-15-0742,20x,"(1.0, 4.00028302322227, 8.00056604644454)"
628,TCGA-15-1446-01Z-00-DX1.24894196-502d-4fc4-a1dc-2a3dc1fcbfba,TCGA-15-1446,20x,"(1.0, 4.0001528756741, 16.00177772594752)"
629,TCGA-15-1447-01Z-00-DX1.80c2a3ec-5ddd-479d-a85e-1b21000cbe36,TCGA-15-1447,20x,"(1.0, 4.000083333333333, 16.001192439862542)"
630,TCGA-15-1449-01Z-00-DX1.b2849792-22e4-43a4-b6d9-7ab19a0222ca,TCGA-15-1449,20x,"(1.0, 4.000106650924833, 16.00231612569449)"
631,TCGA-27-1830-01Z-00-DX3.def849be-436e-4c2f-b269-10c3701b731b,TCGA-27-1830,20x,"(1.0, 4.000222018840127, 16.002436175279826)"
632,TCGA-27-1830-01Z-00-DX2.f46f040d-d9a7-4c6c-a74d-368882a01d8a,TCGA-27-1830,20x,"(1.0, 4.000083333333333, 16.000333333333334)"
633,TCGA-27-1830-01Z-00-DX1.4d3a6a94-8e40-497b-99e5-85b8aad0fefb,TCGA-27-1830,20x,"(1.0, 4.000128374613003, 16.000513498452012)"
634,TCGA-27-1831-01Z-00-DX4.b8a6fef5-9ba3-40b4-b32a-31485dbaa153,TCGA-27-1831,20x,"(1.0, 4.000200045013504, 16.00160056022409)"
635,TCGA-27-1831-01Z-00-DX1.81054173-8861-43fd-ba8a-54e58d7ac0f2,TCGA-27-1831,20x,"(1.0, 4.000285461620091, 16.00321781384158)"
636,TCGA-27-1831-01Z-00-DX2.61dd7df5-bebc-4625-a7b3-160590b26ffd,TCGA-27-1831,20x,"(1.0, 4.000111064674538, 16.002952685421995)"
637,TCGA-27-1831-01Z-00-DX3.0c03cc2a-c926-4c67-9d95-d410b096c898,TCGA-27-1831,20x,"(1.0, 4.000083333333333, 16.000333333333334)"
638,TCGA-27-1832-01Z-00-DX3.1130e0c6-dbb2-47bb-8769-85ac68bf0c87,TCGA-27-1832,20x,"(1.0, 4.0001197470870835, 16.000478988348334)"
639,TCGA-27-1832-01Z-00-DX4.1a58f6c2-59b8-47de-97aa-e5fdd42748de,TCGA-27-1832,20x,"(1.0, 4.000183799442522, 16.00228505971733)"
640,TCGA-27-1832-01Z-00-DX2.ca89e95e-bfec-4d59-9948-fa3698b93f08,TCGA-27-1832,20x,"(1.0, 4.0002349292947486, 16.001729041556572)"
641,TCGA-27-1832-01Z-00-DX1.594a794d-ac95-4dc7-a105-bc52bc969935,TCGA-27-1832,20x,"(1.0, 4.00008695652174, 16.00203844316219)"
642,TCGA-27-1833-01Z-00-DX3.64bd5696-54c4-4ef1-84e4-959f82215edf,TCGA-27-1833,20x,"(1.0, 4.000187529789365, 16.00316472749541)"
643,TCGA-27-1833-01Z-00-DX4.400b06f2-094c-4371-ab67-3dabb0764c3e,TCGA-27-1833,20x,"(1.0, 4.000127468972597, 16.000509875890387)"
644,TCGA-27-1833-01Z-00-DX1.1f6bd333-6e85-41b0-a5b1-9e5e8b992e3d,TCGA-27-1833,20x,"(1.0, 4.0001241141061, 16.0004964564244)"
645,TCGA-27-1833-01Z-00-DX2.152a5b4b-2a73-49f2-af6f-84bf292241a3,TCGA-27-1833,20x,"(1.0, 4.0001864881037665, 16.003376521768452)"
646,TCGA-27-1834-01Z-00-DX2.4aeb58ba-a307-489a-a505-02afa4e07a83,TCGA-27-1834,20x,"(1.0, 4.000083333333333, 16.000333333333334)"
647,TCGA-27-1834-01Z-00-DX1.6a999465-48e8-4dff-8ef2-1c31bd33ce27,TCGA-27-1834,20x,"(1.0, 4.000233168514634, 16.0033309352518)"
648,TCGA-27-1835-01Z-00-DX2.213a0703-64a3-4feb-b9c2-03f3a3b4cab6,TCGA-27-1835,20x,"(1.0, 4.0001203474639055, 16.00126418786693)"
649,TCGA-27-1835-01Z-00-DX1.e391c3a2-eb2a-4c3d-94be-16951be30dab,TCGA-27-1835,20x,"(1.0, 4.000117265362682, 16.00046906145073)"
650,TCGA-27-1836-01Z-00-DX4.e54cb874-8c4b-4f64-89b1-af6891cc6d83,TCGA-27-1836,20x,"(1.0, 4.000258738473182, 16.001034953892727)"
651,TCGA-27-1836-01Z-00-DX3.70ad0337-b205-4bd7-8a42-e8bb93bb589f,TCGA-27-1836,20x,"(1.0, 4.000173653585725, 16.002242676827816)"
652,TCGA-27-1836-01Z-00-DX1.05a02f0b-4261-44d2-ad56-63265bb3cd70,TCGA-27-1836,20x,"(1.0, 4.000184600475437, 16.003323633712256)"
653,TCGA-27-1836-01Z-00-DX2.85cffd50-6080-4254-ae41-c1c74391a6a8,TCGA-27-1836,20x,"(1.0, 4.000169892533618, 16.000679570134473)"
654,TCGA-27-1837-01Z-00-DX1.27b8fc01-d46e-459e-b4b9-6b80bf7dc6a9,TCGA-27-1837,20x,"(1.0, 4.000066666666667, 16.00201644794401)"
655,TCGA-27-1838-01Z-00-DX1.3ada1ada-fb14-4761-84f9-66a339e86e73,TCGA-27-1838,20x,"(1.0, 4.000144293673442, 16.002285891810025)"
656,TCGA-28-1745-01Z-00-DX1.44d465d5-453d-4c06-85db-14de0656f0b3,TCGA-28-1745,20x,"(1.0, 4.000193187227654, 16.003410256410255)"
657,TCGA-28-1746-01Z-00-DX1.06f187d2-b5e8-4b37-bb23-a707d0059944,TCGA-28-1746,20x,"(1.0, 4.000159985180643, 16.004321063394684)"
658,TCGA-28-1749-01Z-00-DX1.08010572-bf70-45ae-b804-4c0e5b03ee6f,TCGA-28-1749,20x,"(1.0, 4.000099641291351, 16.000398565165405)"
659,TCGA-28-1750-01Z-00-DX1.b1455f64-6b43-4f2f-8434-d7fb53aadc51,TCGA-28-1750,20x,"(1.0, 4.0000625, 16.00329723209751)"
660,TCGA-28-1751-01Z-00-DX1.9be1807e-2cd5-469d-a4ab-6730aa26fc95,TCGA-28-1751,20x,"(1.0, 4.000104061570301, 16.000416246281205)"
661,TCGA-28-1752-01Z-00-DX1.e24f30ab-133e-4a77-9df7-c136beea14a2,TCGA-28-1752,20x,"(1.0, 4.000264373270067, 16.0042223628692)"
662,TCGA-28-1755-01Z-00-DX1.913db772-e917-4ae0-a2cc-281e63507f57,TCGA-28-1755,20x,"(1.0, 4.000333140165252, 8.00171353777113)"
663,TCGA-28-1757-01Z-00-DX1.ef0fd824-d5cb-484e-8296-4064cf183f75,TCGA-28-1757,20x,"(1.0, 4.000234733893557, 16.00183546989392)"
664,TCGA-28-1760-01Z-00-DX1.c18f0389-2817-4b4b-867b-b392ad492254,TCGA-28-1760,20x,"(1.0, 4.000237140584158, 16.003677307867214)"
